Entity,Code,Year,Reported cholera cases
Afghanistan,AFG,1960,887
Afghanistan,AFG,1965,218
Afghanistan,AFG,1993,37046
Afghanistan,AFG,1994,38735
Afghanistan,AFG,1995,19903
Afghanistan,AFG,1997,4170
Afghanistan,AFG,1998,10000
Afghanistan,AFG,1999,24639
Afghanistan,AFG,2000,4330
Afghanistan,AFG,2001,4499
Afghanistan,AFG,2002,3
Afghanistan,AFG,2003,41
Afghanistan,AFG,2005,33
Afghanistan,AFG,2008,4384
Afghanistan,AFG,2009,662
Afghanistan,AFG,2010,2369
Afghanistan,AFG,2011,3733
Afghanistan,AFG,2012,12
Afghanistan,AFG,2013,3957
Afghanistan,AFG,2014,45481
Afghanistan,AFG,2015,58064
Afghanistan,AFG,2016,677
Afghanistan,AFG,2017,33
Afghanistan,AFG,2019,2
Afghanistan,AFG,2021,4755
Africa,,1970,11086
Africa,,1971,72654
Africa,,1972,5137
Africa,,1973,6337
Africa,,1974,6074
Africa,,1975,6650
Africa,,1976,3180
Africa,,1977,9502
Africa,,1978,24643
Africa,,1979,21586
Africa,,1980,18742
Africa,,1981,19415
Africa,,1982,46924
Africa,,1983,37383
Africa,,1984,17504
Africa,,1985,31884
Africa,,1986,35585
Africa,,1987,34358
Africa,,1988,23012
Africa,,1989,35857
Africa,,1990,43262
Africa,,1991,153367
Africa,,1992,92079
Africa,,1993,76713
Africa,,1994,162413
Africa,,1995,72597
Africa,,1996,108535
Africa,,1997,118367
Africa,,1998,211761
Africa,,1999,210820
Africa,,2000,124484
Africa,,2001,173954
Africa,,2002,137866
Africa,,2003,108067
Africa,,2004,95560
Africa,,2005,125018
Africa,,2006,234226
Africa,,2007,167298
Africa,,2008,179323
Africa,,2009,217333
Africa,,2010,115106
Africa,,2011,188678
Africa,,2012,117570
Africa,,2013,56329
Africa,,2014,105287
Africa,,2015,71176
Africa,,2016,71058
Africa,,2017,179835
Africa,,2018,120650
Africa,,2019,55087
Africa,,2020,47256
Africa,,2021,141467
Albania,ALB,1994,626
Algeria,DZA,1971,1332
Algeria,DZA,1972,646
Algeria,DZA,1973,605
Algeria,DZA,1974,738
Algeria,DZA,1975,1165
Algeria,DZA,1976,286
Algeria,DZA,1977,262
Algeria,DZA,1978,220
Algeria,DZA,1979,2513
Algeria,DZA,1980,614
Algeria,DZA,1983,218
Algeria,DZA,1984,45
Algeria,DZA,1987,1507
Algeria,DZA,1988,699
Algeria,DZA,1989,393
Algeria,DZA,1990,1299
Algeria,DZA,1992,69
Algeria,DZA,1994,118
Algeria,DZA,2005,0
Algeria,DZA,2006,0
Angola,AGO,1971,1
Angola,AGO,1972,268
Angola,AGO,1973,263
Angola,AGO,1974,934
Angola,AGO,1975,88
Angola,AGO,1977,726
Angola,AGO,1987,16222
Angola,AGO,1988,15500
Angola,AGO,1989,17601
Angola,AGO,1990,9527
Angola,AGO,1991,8590
Angola,AGO,1992,3608
Angola,AGO,1994,3443
Angola,AGO,1995,3295
Angola,AGO,1996,1306
Angola,AGO,2005,0
Angola,AGO,2006,67257
Angola,AGO,2007,18422
Angola,AGO,2008,10511
Angola,AGO,2009,2019
Angola,AGO,2010,1484
Angola,AGO,2011,1810
Angola,AGO,2012,1215
Angola,AGO,2013,6655
Angola,AGO,2014,213
Angola,AGO,2016,78
Angola,AGO,2017,828
Angola,AGO,2018,1546
Argentina,ARG,1993,2350
Argentina,ARG,1994,889
Argentina,ARG,1995,188
Argentina,ARG,1996,474
Argentina,ARG,1997,637
Argentina,ARG,1998,12
Armenia,ARM,1998,25
Asia,,1949,17
Asia,,1950,34665
Asia,,1951,114518
Asia,,1952,123025
Asia,,1953,240927
Asia,,1954,37804
Asia,,1955,40218
Asia,,1956,63542
Asia,,1957,63031
Asia,,1958,95763
Asia,,1959,36138
Asia,,1960,38130
Asia,,1961,61966
Asia,,1962,67434
Asia,,1963,59437
Asia,,1964,95938
Asia,,1965,56609
Asia,,1966,31146
Asia,,1967,24748
Asia,,1968,34164
Asia,,1969,36173
Asia,,1970,52182
Asia,,1971,103307
Asia,,1972,75064
Asia,,1973,102148
Asia,,1974,89077
Asia,,1975,85316
Asia,,1976,65426
Asia,,1977,52457
Asia,,1978,52497
Asia,,1979,35719
Asia,,1980,24015
Asia,,1981,32172
Asia,,1982,17978
Asia,,1983,27852
Asia,,1984,11808
Asia,,1985,13387
Asia,,1986,17101
Asia,,1987,21725
Asia,,1988,30884
Asia,,1989,18239
Asia,,1990,31065
Asia,,1991,49811
Asia,,1992,16812
Asia,,1993,93501
Asia,,1994,106588
Asia,,1995,55451
Asia,,1996,10627
Asia,,1997,13252
Asia,,1998,29842
Asia,,1999,42858
Asia,,2000,12572
Asia,,2001,11403
Asia,,2002,4405
Asia,,2003,3457
Asia,,2004,5762
Asia,,2005,6824
Asia,,2006,2472
Asia,,2007,11326
Asia,,2008,10778
Asia,,2009,1902
Asia,,2010,13819
Asia,,2011,38298
Asia,,2012,7367
Asia,,2013,11576
Asia,,2014,56787
Asia,,2015,64590
Asia,,2016,18442
Asia,,2017,1033101
Asia,,2018,374888
Asia,,2019,867215
Asia,,2020,276109
Asia,,2021,81902
Australia,AUS,1972,40
Australia,AUS,1977,2
Australia,AUS,1978,1
Australia,AUS,1979,1
Australia,AUS,1980,2
Australia,AUS,1981,2
Australia,AUS,1982,1
Australia,AUS,1983,4
Australia,AUS,1984,1
Australia,AUS,1985,2
Australia,AUS,1987,1
Australia,AUS,1988,1
Australia,AUS,1992,3
Australia,AUS,1993,5
Australia,AUS,1994,3
Australia,AUS,1995,5
Australia,AUS,1996,2
Australia,AUS,1997,2
Australia,AUS,1998,5
Australia,AUS,1999,4
Australia,AUS,2000,1
Australia,AUS,2001,2
Australia,AUS,2002,5
Australia,AUS,2004,2
Australia,AUS,2005,2
Australia,AUS,2006,3
Australia,AUS,2007,3
Australia,AUS,2010,3
Australia,AUS,2011,6
Australia,AUS,2012,5
Australia,AUS,2013,3
Australia,AUS,2014,2
Australia,AUS,2015,2
Australia,AUS,2016,1
Australia,AUS,2017,3
Australia,AUS,2019,2
Austria,AUT,1990,2
Austria,AUT,1993,1
Austria,AUT,1994,1
Austria,AUT,1996,1
Austria,AUT,1998,1
Austria,AUT,1999,1
Austria,AUT,2001,0
Austria,AUT,2002,1
Austria,AUT,2005,1
Azerbaijan,AZE,1994,18
Bahamas,BHS,2011,1
Bahamas,BHS,2012,1
Bahrain,BHR,1965,1
Bahrain,BHR,1972,74
Bahrain,BHR,1973,37
Bahrain,BHR,1978,906
Bahrain,BHR,1979,39
Bahrain,BHR,2015,8
Bahrain,BHR,2021,2
Bangladesh,BGD,1950,29809
Bangladesh,BGD,1951,20894
Bangladesh,BGD,1952,21154
Bangladesh,BGD,1953,27631
Bangladesh,BGD,1954,15617
Bangladesh,BGD,1955,16642
Bangladesh,BGD,1956,23699
Bangladesh,BGD,1957,8054
Bangladesh,BGD,1958,15631
Bangladesh,BGD,1959,16915
Bangladesh,BGD,1960,15618
Bangladesh,BGD,1961,2663
Bangladesh,BGD,1962,2524
Bangladesh,BGD,1963,3975
Bangladesh,BGD,1964,3333
Bangladesh,BGD,1965,1123
Bangladesh,BGD,1966,3154
Bangladesh,BGD,1967,664
Bangladesh,BGD,1968,3156
Bangladesh,BGD,1969,7411
Bangladesh,BGD,1970,7419
Bangladesh,BGD,1971,2342
Bangladesh,BGD,1972,1059
Bangladesh,BGD,1973,1969
Bangladesh,BGD,1974,5614
Bangladesh,BGD,1975,4888
Bangladesh,BGD,1976,957
Bangladesh,BGD,1977,10403
Bangladesh,BGD,1978,5576
Bangladesh,BGD,1979,2154
Bangladesh,BGD,1987,523
Bangladesh,BGD,1988,571
Bangladesh,BGD,1989,94
Bangladesh,BGD,1990,82
Bangladesh,BGD,1991,8
Bangladesh,BGD,1992,479
Bangladesh,BGD,1993,78
Bangladesh,BGD,1994,562
Bangladesh,BGD,1995,2297
Bangladesh,BGD,1996,418
Bangladesh,BGD,1997,1959
Bangladesh,BGD,1998,1067
Bangladesh,BGD,1999,3440
Bangladesh,BGD,2000,1021
Bangladesh,BGD,2018,566
Bangladesh,BGD,2019,503
Bangladesh,BGD,2020,212
Bangladesh,BGD,2021,477
Belarus,BLR,1994,3
Belarus,BLR,1995,3
Belgium,BEL,1980,1
Belgium,BEL,1983,1
Belgium,BEL,1984,1
Belgium,BEL,1985,1
Belgium,BEL,1992,1
Belgium,BEL,1993,1
Belgium,BEL,1994,1
Belgium,BEL,2004,1
Belgium,BEL,2005,2
Belize,BLZ,1992,159
Belize,BLZ,1993,135
Belize,BLZ,1994,6
Belize,BLZ,1995,19
Belize,BLZ,1996,26
Belize,BLZ,1997,2
Belize,BLZ,1998,28
Belize,BLZ,1999,12
Benin,BEN,1970,175
Benin,BEN,1971,2133
Benin,BEN,1972,250
Benin,BEN,1973,3
Benin,BEN,1974,73
Benin,BEN,1975,45
Benin,BEN,1976,146
Benin,BEN,1977,2
Benin,BEN,1978,27
Benin,BEN,1980,3
Benin,BEN,1981,2
Benin,BEN,1982,3
Benin,BEN,1983,1
Benin,BEN,1984,1
Benin,BEN,1986,243
Benin,BEN,1991,7474
Benin,BEN,1992,413
Benin,BEN,1993,10
Benin,BEN,1994,187
Benin,BEN,1995,203
Benin,BEN,1996,6190
Benin,BEN,1997,796
Benin,BEN,1998,206
Benin,BEN,1999,855
Benin,BEN,2000,468
Benin,BEN,2001,3943
Benin,BEN,2002,270
Benin,BEN,2003,434
Benin,BEN,2004,642
Benin,BEN,2005,749
Benin,BEN,2006,91
Benin,BEN,2008,985
Benin,BEN,2009,74
Benin,BEN,2010,983
Benin,BEN,2011,755
Benin,BEN,2012,625
Benin,BEN,2013,528
Benin,BEN,2014,832
Benin,BEN,2016,761
Benin,BEN,2017,11
Benin,BEN,2019,50
Benin,BEN,2020,232
Benin,BEN,2021,1298
Bhutan,BTN,1991,422
Bhutan,BTN,1992,494
Bhutan,BTN,1995,25
Bhutan,BTN,1998,19
Bolivia,BOL,1991,206
Bolivia,BOL,1992,22260
Bolivia,BOL,1993,10134
Bolivia,BOL,1994,2710
Bolivia,BOL,1995,2293
Bolivia,BOL,1996,2847
Bolivia,BOL,1997,1632
Bolivia,BOL,1998,466
Botswana,BWA,2005,0
Botswana,BWA,2006,0
Botswana,BWA,2008,8
Botswana,BWA,2009,15
Brazil,BRA,1991,2103
Brazil,BRA,1992,30317
Brazil,BRA,1993,59212
Brazil,BRA,1994,49455
Brazil,BRA,1995,15915
Brazil,BRA,1996,5522
Brazil,BRA,1997,2881
Brazil,BRA,1998,2571
Brazil,BRA,1999,4495
Brazil,BRA,2000,715
Brazil,BRA,2001,7
Brazil,BRA,2004,21
Brazil,BRA,2005,5
Brazil,BRA,2011,1
Brunei,BRN,1955,1
Brunei,BRN,1965,198
Brunei,BRN,1970,24
Brunei,BRN,1982,6
Brunei,BRN,1999,93
Brunei,BRN,2011,3
Burkina Faso,BFA,1970,1
Burkina Faso,BFA,1971,1761
Burkina Faso,BFA,1972,1
Burkina Faso,BFA,1973,1118
Burkina Faso,BFA,1974,632
Burkina Faso,BFA,1975,3
Burkina Faso,BFA,1978,1
Burkina Faso,BFA,1984,2191
Burkina Faso,BFA,1985,1149
Burkina Faso,BFA,1991,537
Burkina Faso,BFA,1995,1451
Burkina Faso,BFA,1996,425
Burkina Faso,BFA,1998,1036
Burkina Faso,BFA,1999,93
Burkina Faso,BFA,2000,617
Burkina Faso,BFA,2001,477
Burkina Faso,BFA,2003,1
Burkina Faso,BFA,2005,1050
Burkina Faso,BFA,2006,0
Burkina Faso,BFA,2008,0
Burkina Faso,BFA,2011,20
Burkina Faso,BFA,2012,143
Burkina Faso,BFA,2021,3
Burundi,BDI,1978,8297
Burundi,BDI,1979,915
Burundi,BDI,1980,2039
Burundi,BDI,1981,582
Burundi,BDI,1982,415
Burundi,BDI,1983,512
Burundi,BDI,1984,180
Burundi,BDI,1985,259
Burundi,BDI,1990,82
Burundi,BDI,1991,3
Burundi,BDI,1992,479
Burundi,BDI,1993,78
Burundi,BDI,1994,562
Burundi,BDI,1995,2297
Burundi,BDI,1996,418
Burundi,BDI,1997,1959
Burundi,BDI,1998,1067
Burundi,BDI,1999,3440
Burundi,BDI,2000,1021
Burundi,BDI,2001,1003
Burundi,BDI,2002,577
Burundi,BDI,2003,432
Burundi,BDI,2004,819
Burundi,BDI,2005,1309
Burundi,BDI,2006,886
Burundi,BDI,2007,365
Burundi,BDI,2008,234
Burundi,BDI,2009,355
Burundi,BDI,2010,333
Burundi,BDI,2011,1072
Burundi,BDI,2012,214
Burundi,BDI,2013,1557
Burundi,BDI,2014,582
Burundi,BDI,2015,442
Burundi,BDI,2016,434
Burundi,BDI,2017,399
Burundi,BDI,2018,92
Burundi,BDI,2019,1145
Burundi,BDI,2020,277
Burundi,BDI,2021,11
Cambodia,KHM,1950,10
Cambodia,KHM,1951,57
Cambodia,KHM,1952,24
Cambodia,KHM,1953,11
Cambodia,KHM,1954,2
Cambodia,KHM,1956,1
Cambodia,KHM,1957,6
Cambodia,KHM,1958,3
Cambodia,KHM,1963,52
Cambodia,KHM,1964,187
Cambodia,KHM,1966,62
Cambodia,KHM,1967,4
Cambodia,KHM,1968,8
Cambodia,KHM,1973,159
Cambodia,KHM,1974,145
Cambodia,KHM,1975,66
Cambodia,KHM,1987,474
Cambodia,KHM,1988,56
Cambodia,KHM,1989,47
Cambodia,KHM,1990,5
Cambodia,KHM,1991,770
Cambodia,KHM,1992,1229
Cambodia,KHM,1993,2252
Cambodia,KHM,1994,3085
Cambodia,KHM,1995,4190
Cambodia,KHM,1996,740
Cambodia,KHM,1997,155
Cambodia,KHM,1998,1197
Cambodia,KHM,1999,1711
Cambodia,KHM,2004,57
Cambodia,KHM,2009,39
Cambodia,KHM,2010,588
Cambodia,KHM,2020,48
Cambodia,KHM,2021,26
Cameroon,CMR,1971,2167
Cameroon,CMR,1972,362
Cameroon,CMR,1973,206
Cameroon,CMR,1974,83
Cameroon,CMR,1975,3
Cameroon,CMR,1976,135
Cameroon,CMR,1978,3
Cameroon,CMR,1979,16
Cameroon,CMR,1980,229
Cameroon,CMR,1981,243
Cameroon,CMR,1982,5
Cameroon,CMR,1983,55
Cameroon,CMR,1984,392
Cameroon,CMR,1985,1158
Cameroon,CMR,1986,165
Cameroon,CMR,1987,94
Cameroon,CMR,1988,4
Cameroon,CMR,1989,4
Cameroon,CMR,1990,16
Cameroon,CMR,1991,4026
Cameroon,CMR,1992,1268
Cameroon,CMR,1993,648
Cameroon,CMR,1994,527
Cameroon,CMR,1995,615
Cameroon,CMR,1996,5796
Cameroon,CMR,1997,1709
Cameroon,CMR,1998,4603
Cameroon,CMR,1999,1584
Cameroon,CMR,2000,123
Cameroon,CMR,2001,259
Cameroon,CMR,2002,66
Cameroon,CMR,2003,207
Cameroon,CMR,2004,8005
Cameroon,CMR,2005,2847
Cameroon,CMR,2006,922
Cameroon,CMR,2007,10
Cameroon,CMR,2008,0
Cameroon,CMR,2009,804
Cameroon,CMR,2010,10759
Cameroon,CMR,2011,22433
Cameroon,CMR,2012,363
Cameroon,CMR,2013,29
Cameroon,CMR,2014,3355
Cameroon,CMR,2015,124
Cameroon,CMR,2018,1052
Cameroon,CMR,2019,1840
Cameroon,CMR,2020,1890
Cameroon,CMR,2021,728
Canada,CAN,1989,1
Canada,CAN,1991,2
Canada,CAN,1992,5
Canada,CAN,1993,6
Canada,CAN,1994,2
Canada,CAN,1995,7
Canada,CAN,1996,2
Canada,CAN,1998,2
Canada,CAN,2000,5
Canada,CAN,2001,6
Canada,CAN,2002,4
Canada,CAN,2003,5
Canada,CAN,2004,3
Canada,CAN,2005,7
Canada,CAN,2006,2
Canada,CAN,2007,1
Canada,CAN,2008,1
Canada,CAN,2009,2
Canada,CAN,2010,2
Canada,CAN,2011,9
Canada,CAN,2013,1
Canada,CAN,2014,2
Canada,CAN,2015,3
Canada,CAN,2016,1
Canada,CAN,2017,4
Canada,CAN,2020,2
Cape Verde,CPV,1974,303
Cape Verde,CPV,1975,20
Cape Verde,CPV,1976,219
Cape Verde,CPV,1994,128
Cape Verde,CPV,1995,12913
Cape Verde,CPV,1996,428
Cape Verde,CPV,1998,133
Cape Verde,CPV,2005,0
Cape Verde,CPV,2006,0
Central African Republic,CAF,1997,443
Central African Republic,CAF,1998,22
Central African Republic,CAF,2004,320
Central African Republic,CAF,2005,0
Central African Republic,CAF,2006,0
Central African Republic,CAF,2011,117
Central African Republic,CAF,2012,21
Chad,TCD,1971,8230
Chad,TCD,1972,9
Chad,TCD,1974,338
Chad,TCD,1991,13915
Chad,TCD,1994,1094
Chad,TCD,1996,7830
Chad,TCD,1997,8801
Chad,TCD,1998,4095
Chad,TCD,1999,217
Chad,TCD,2001,5244
Chad,TCD,2003,55
Chad,TCD,2004,5531
Chad,TCD,2005,90
Chad,TCD,2006,1668
Chad,TCD,2007,0
Chad,TCD,2009,67
Chad,TCD,2010,6395
Chad,TCD,2011,17267
Chad,TCD,2017,1266
Chad,TCD,2019,93
Chile,CHL,1991,41
Chile,CHL,1992,73
Chile,CHL,1993,32
Chile,CHL,1994,1
Chile,CHL,1996,1
Chile,CHL,1997,4
Chile,CHL,1998,24
Chile,CHL,2011,1
Chile,CHL,2013,2
Chile,CHL,2014,1
China,CHN,1949,1
China,CHN,1962,384
China,CHN,1963,1
China,CHN,1967,1
China,CHN,1979,85
China,CHN,1980,88
China,CHN,1987,4
China,CHN,1988,7267
China,CHN,1989,5628
China,CHN,1990,644
China,CHN,1991,210
China,CHN,1992,583
China,CHN,1993,11673
China,CHN,1994,34877
China,CHN,1995,10337
China,CHN,1996,316
China,CHN,1997,1177
China,CHN,1998,4642
China,CHN,1999,4589
China,CHN,2000,1846
China,CHN,2001,140
China,CHN,2003,223
China,CHN,2004,244
China,CHN,2005,980
China,CHN,2006,161
China,CHN,2007,168
China,CHN,2008,174
China,CHN,2009,85
China,CHN,2010,157
China,CHN,2011,26
China,CHN,2012,77
China,CHN,2013,53
China,CHN,2014,24
China,CHN,2015,13
China,CHN,2016,27
China,CHN,2017,14
China,CHN,2019,16
China,CHN,2020,11
China,CHN,2021,5
Colombia,COL,1991,11979
Colombia,COL,1992,15129
Colombia,COL,1993,230
Colombia,COL,1994,996
Colombia,COL,1995,1922
Colombia,COL,1996,4428
Colombia,COL,1997,1508
Colombia,COL,1998,442
Colombia,COL,1999,42
Colombia,COL,2004,2
Comoros,COM,1975,2675
Comoros,COM,1976,5
Comoros,COM,1998,7300
Comoros,COM,1999,1180
Comoros,COM,2000,3297
Comoros,COM,2001,226
Comoros,COM,2002,1567
Comoros,COM,2003,56
Comoros,COM,2004,1
Comoros,COM,2005,0
Comoros,COM,2006,0
Comoros,COM,2007,1555
Comoros,COM,2008,4
Congo,COG,1978,51
Congo,COG,1979,5
Congo,COG,1997,275
Congo,COG,1998,3222
Congo,COG,1999,4813
Congo,COG,2000,9
Congo,COG,2005,0
Congo,COG,2006,175
Congo,COG,2007,7785
Congo,COG,2008,156
Congo,COG,2009,93
Congo,COG,2011,762
Congo,COG,2012,1181
Congo,COG,2013,1624
Congo,COG,2016,15
Congo,COG,2018,60
Costa Rica,CRI,1992,12
Costa Rica,CRI,1993,14
Costa Rica,CRI,1994,38
Costa Rica,CRI,1995,24
Costa Rica,CRI,1996,19
Costa Rica,CRI,1997,1
Cote d'Ivoire,CIV,1970,868
Cote d'Ivoire,CIV,1971,668
Cote d'Ivoire,CIV,1979,3
Cote d'Ivoire,CIV,1982,34
Cote d'Ivoire,CIV,1991,604
Cote d'Ivoire,CIV,1992,37
Cote d'Ivoire,CIV,1993,724
Cote d'Ivoire,CIV,1994,1108
Cote d'Ivoire,CIV,1995,4993
Cote d'Ivoire,CIV,1996,1345
Cote d'Ivoire,CIV,2001,5912
Cote d'Ivoire,CIV,2002,4188
Cote d'Ivoire,CIV,2003,1034
Cote d'Ivoire,CIV,2004,105
Cote d'Ivoire,CIV,2005,39
Cote d'Ivoire,CIV,2006,414
Cote d'Ivoire,CIV,2007,8
Cote d'Ivoire,CIV,2008,7
Cote d'Ivoire,CIV,2009,5
Cote d'Ivoire,CIV,2010,32
Cote d'Ivoire,CIV,2011,1261
Cote d'Ivoire,CIV,2012,424
Cote d'Ivoire,CIV,2013,56
Cote d'Ivoire,CIV,2014,235
Cote d'Ivoire,CIV,2015,199
Cote d'Ivoire,CIV,2021,12
Cuba,CUB,2012,417
Cuba,CUB,2013,181
Cuba,CUB,2014,76
Cuba,CUB,2015,65
Czechia,CZE,1970,4
Czechia,CZE,2002,2
Democratic Republic of Congo,COD,1978,3481
Democratic Republic of Congo,COD,1979,5515
Democratic Republic of Congo,COD,1980,1051
Democratic Republic of Congo,COD,1981,2379
Democratic Republic of Congo,COD,1982,10328
Democratic Republic of Congo,COD,1983,2977
Democratic Republic of Congo,COD,1984,162
Democratic Republic of Congo,COD,1985,740
Democratic Republic of Congo,COD,1986,1059
Democratic Republic of Congo,COD,1987,1150
Democratic Republic of Congo,COD,1988,295
Democratic Republic of Congo,COD,1989,99
Democratic Republic of Congo,COD,1990,468
Democratic Republic of Congo,COD,1991,4066
Democratic Republic of Congo,COD,1992,1949
Democratic Republic of Congo,COD,1993,986
Democratic Republic of Congo,COD,1994,58057
Democratic Republic of Congo,COD,1995,553
Democratic Republic of Congo,COD,1996,7886
Democratic Republic of Congo,COD,1997,2421
Democratic Republic of Congo,COD,1998,34899
Democratic Republic of Congo,COD,1999,12711
Democratic Republic of Congo,COD,2000,14995
Democratic Republic of Congo,COD,2001,5728
Democratic Republic of Congo,COD,2002,31658
Democratic Republic of Congo,COD,2003,27272
Democratic Republic of Congo,COD,2004,7665
Democratic Republic of Congo,COD,2005,13430
Democratic Republic of Congo,COD,2006,20642
Democratic Republic of Congo,COD,2007,28269
Democratic Republic of Congo,COD,2008,30150
Democratic Republic of Congo,COD,2009,22899
Democratic Republic of Congo,COD,2010,13884
Democratic Republic of Congo,COD,2011,21700
Democratic Republic of Congo,COD,2012,33661
Democratic Republic of Congo,COD,2013,26944
Democratic Republic of Congo,COD,2014,22203
Democratic Republic of Congo,COD,2015,19182
Democratic Republic of Congo,COD,2016,28093
Democratic Republic of Congo,COD,2017,56190
Democratic Republic of Congo,COD,2018,30768
Democratic Republic of Congo,COD,2019,30304
Democratic Republic of Congo,COD,2020,19789
Democratic Republic of Congo,COD,2021,12103
Denmark,DNK,1990,1
Denmark,DNK,1993,2
Denmark,DNK,1994,2
Denmark,DNK,1995,3
Denmark,DNK,2004,1
Denmark,DNK,2008,1
Denmark,DNK,2016,1
Djibouti,DJI,1970,6
Djibouti,DJI,1971,440
Djibouti,DJI,1972,8
Djibouti,DJI,1976,2
Djibouti,DJI,1977,2
Djibouti,DJI,1978,3
Djibouti,DJI,1985,115
Djibouti,DJI,1993,10055
Djibouti,DJI,1994,1122
Djibouti,DJI,1997,2424
Djibouti,DJI,1998,164
Djibouti,DJI,2000,1828
Djibouti,DJI,2007,1087
Djibouti,DJI,2010,2047
Djibouti,DJI,2011,127
Dominican Republic,DOM,2010,191
Dominican Republic,DOM,2011,20851
Dominican Republic,DOM,2012,7919
Dominican Republic,DOM,2013,1954
Dominican Republic,DOM,2014,603
Dominican Republic,DOM,2015,546
Dominican Republic,DOM,2016,1159
Dominican Republic,DOM,2017,122
Dominican Republic,DOM,2018,118
Dominican Republic,DOM,2019,13
Ecuador,ECU,1991,46320
Ecuador,ECU,1992,31870
Ecuador,ECU,1993,6833
Ecuador,ECU,1994,1785
Ecuador,ECU,1995,2160
Ecuador,ECU,1996,1059
Ecuador,ECU,1997,65
Ecuador,ECU,1998,3724
Ecuador,ECU,1999,90
Ecuador,ECU,2000,27
Ecuador,ECU,2001,9
Ecuador,ECU,2003,25
Ecuador,ECU,2004,5
El Salvador,SLV,1991,947
El Salvador,SLV,1992,8717
El Salvador,SLV,1993,6573
El Salvador,SLV,1994,11745
El Salvador,SLV,1995,2923
El Salvador,SLV,1996,182
El Salvador,SLV,1998,8
El Salvador,SLV,1999,134
El Salvador,SLV,2000,631
Equatorial Guinea,GNQ,1984,404
Equatorial Guinea,GNQ,1985,108
Equatorial Guinea,GNQ,2004,59
Equatorial Guinea,GNQ,2005,6391
Equatorial Guinea,GNQ,2006,0
Eritrea,ERI,2005,0
Eritrea,ERI,2006,0
Eritrea,ERI,2007,119
Eritrea,ERI,2008,1
Estonia,EST,1993,2
Eswatini,SWZ,1978,2
Eswatini,SWZ,1981,238
Eswatini,SWZ,1982,538
Eswatini,SWZ,1992,2281
Eswatini,SWZ,1996,2
Eswatini,SWZ,1998,7
Eswatini,SWZ,1999,7
Eswatini,SWZ,2000,141
Eswatini,SWZ,2001,5612
Eswatini,SWZ,2002,134
Eswatini,SWZ,2003,32
Eswatini,SWZ,2004,1075
Eswatini,SWZ,2005,0
Eswatini,SWZ,2006,18
Eswatini,SWZ,2007,0
Eswatini,SWZ,2008,1
Eswatini,SWZ,2009,19
Ethiopia,ETH,1970,850
Ethiopia,ETH,1971,2187
Ethiopia,ETH,1982,0
Ethiopia,ETH,2004,16
Ethiopia,ETH,2005,0
Ethiopia,ETH,2006,54070
Ethiopia,ETH,2007,24121
Ethiopia,ETH,2008,3862
Ethiopia,ETH,2009,31509
Ethiopia,ETH,2010,1682
Ethiopia,ETH,2019,2615
Ethiopia,ETH,2020,12226
Ethiopia,ETH,2021,674
Europe,,1970,726
Europe,,1971,97
Europe,,1972,4
Europe,,1973,303
Europe,,1974,2484
Europe,,1975,1089
Europe,,1976,16
Europe,,1977,8
Europe,,1978,5
Europe,,1979,289
Europe,,1982,22
Europe,,1983,12
Europe,,1985,6
Europe,,1986,52
Europe,,1987,13
Europe,,1988,14
Europe,,1989,11
Europe,,1990,349
Europe,,1991,395
Europe,,1992,18
Europe,,1993,73
Europe,,1994,2630
Europe,,1995,938
Europe,,1996,31
Europe,,1997,25
Europe,,1998,47
Europe,,1999,16
Europe,,2000,41
Europe,,2001,58
Europe,,2002,7
Europe,,2003,12
Europe,,2004,21
Europe,,2005,10
Europe,,2006,62
Europe,,2007,43
Europe,,2008,22
Europe,,2009,17
Europe,,2010,15
Europe,,2011,71
Europe,,2012,18
Europe,,2013,7
Europe,,2014,17
Europe,,2015,22
Europe,,2016,22
Europe,,2020,2
Finland,FIN,1981,1
Finland,FIN,1994,2
Finland,FIN,1995,1
Finland,FIN,1998,1
Finland,FIN,2005,1
Finland,FIN,2008,1
France,FRA,1970,1
France,FRA,1971,3
France,FRA,1973,4
France,FRA,1974,5
France,FRA,1975,9
France,FRA,1976,5
France,FRA,1979,8
France,FRA,1980,1
France,FRA,1981,20
France,FRA,1982,18
France,FRA,1983,3
France,FRA,1984,1
France,FRA,1986,37
France,FRA,1987,7
France,FRA,1989,1
France,FRA,1990,6
France,FRA,1991,7
France,FRA,1993,5
France,FRA,1994,4
France,FRA,1995,6
France,FRA,1996,8
France,FRA,1997,3
France,FRA,1998,2
France,FRA,2000,5
France,FRA,2001,2
France,FRA,2002,1
France,FRA,2006,2
France,FRA,2007,4
France,FRA,2008,2
France,FRA,2009,1
France,FRA,2011,1
France,FRA,2014,1
France,FRA,2015,1
Gabon,GAB,1979,5
Gabon,GAB,1981,7
Gabon,GAB,2002,6
Gabon,GAB,2003,629
Gabon,GAB,2005,0
Gabon,GAB,2006,0
Gabon,GAB,2008,2
Gambia,GMB,1985,2
Gambia,GMB,1994,1
Gambia,GMB,1995,15
Gambia,GMB,1996,7
Gambia,GMB,2005,214
Gambia,GMB,2006,0
Gambia,GMB,2007,12
Gambia,GMB,2008,1
Georgia,GEO,1993,8
Germany,DEU,1971,1
Germany,DEU,1972,2
Germany,DEU,1973,6
Germany,DEU,1974,3
Germany,DEU,1975,1
Germany,DEU,1976,2
Germany,DEU,1977,1
Germany,DEU,1980,4
Germany,DEU,1981,4
Germany,DEU,1982,1
Germany,DEU,1986,2
Germany,DEU,1988,2
Germany,DEU,1989,1
Germany,DEU,1990,1
Germany,DEU,1992,1
Germany,DEU,1993,1
Germany,DEU,1994,5
Germany,DEU,1995,1
Germany,DEU,1997,2
Germany,DEU,1998,5
Germany,DEU,1999,3
Germany,DEU,2000,2
Germany,DEU,2001,1
Germany,DEU,2002,1
Germany,DEU,2003,1
Germany,DEU,2004,3
Germany,DEU,2006,1
Germany,DEU,2007,2
Germany,DEU,2010,4
Germany,DEU,2011,4
Germany,DEU,2014,1
Germany,DEU,2016,1
Ghana,GHA,1970,2733
Ghana,GHA,1971,13048
Ghana,GHA,1972,625
Ghana,GHA,1973,677
Ghana,GHA,1974,483
Ghana,GHA,1975,187
Ghana,GHA,1976,102
Ghana,GHA,1977,6565
Ghana,GHA,1978,1853
Ghana,GHA,1979,1783
Ghana,GHA,1980,260
Ghana,GHA,1981,943
Ghana,GHA,1982,11051
Ghana,GHA,1983,14160
Ghana,GHA,1984,1015
Ghana,GHA,1985,60
Ghana,GHA,1990,2937
Ghana,GHA,1991,13172
Ghana,GHA,1992,228
Ghana,GHA,1993,1448
Ghana,GHA,1994,2267
Ghana,GHA,1995,4698
Ghana,GHA,1996,1665
Ghana,GHA,1997,379
Ghana,GHA,1998,3426
Ghana,GHA,1999,9432
Ghana,GHA,2000,3331
Ghana,GHA,2001,5487
Ghana,GHA,2002,3614
Ghana,GHA,2003,204
Ghana,GHA,2004,407
Ghana,GHA,2005,3166
Ghana,GHA,2006,3357
Ghana,GHA,2007,179
Ghana,GHA,2008,1223
Ghana,GHA,2009,1294
Ghana,GHA,2010,438
Ghana,GHA,2011,10628
Ghana,GHA,2012,9548
Ghana,GHA,2013,50
Ghana,GHA,2014,28944
Ghana,GHA,2015,692
Ghana,GHA,2016,175
Ghana,GHA,2019,1
Ghana,GHA,2021,2
Greece,GRC,1986,1
Greece,GRC,1993,1
Guatemala,GTM,1991,3674
Guatemala,GTM,1992,15395
Guatemala,GTM,1993,30604
Guatemala,GTM,1994,5282
Guatemala,GTM,1995,7970
Guatemala,GTM,1996,1568
Guatemala,GTM,1997,1263
Guatemala,GTM,1998,5970
Guatemala,GTM,1999,2077
Guatemala,GTM,2000,612
Guatemala,GTM,2001,13
Guatemala,GTM,2002,1
Guatemala,GTM,2003,1
Guinea,GIN,1970,2000
Guinea,GIN,1986,286
Guinea,GIN,1994,31415
Guinea,GIN,1995,6506
Guinea,GIN,1996,287
Guinea,GIN,1998,881
Guinea,GIN,1999,599
Guinea,GIN,2000,519
Guinea,GIN,2001,392
Guinea,GIN,2002,61
Guinea,GIN,2003,6
Guinea,GIN,2004,1516
Guinea,GIN,2005,3821
Guinea,GIN,2006,3242
Guinea,GIN,2007,8546
Guinea,GIN,2008,513
Guinea,GIN,2009,42
Guinea,GIN,2011,3
Guinea,GIN,2012,7350
Guinea,GIN,2013,319
Guinea,GIN,2014,1
Guinea-Bissau,GNB,1986,200
Guinea-Bissau,GNB,1987,6000
Guinea-Bissau,GNB,1994,15296
Guinea-Bissau,GNB,1995,119
Guinea-Bissau,GNB,1996,8397
Guinea-Bissau,GNB,1997,20555
Guinea-Bissau,GNB,1998,126
Guinea-Bissau,GNB,2002,842
Guinea-Bissau,GNB,2003,290
Guinea-Bissau,GNB,2004,155
Guinea-Bissau,GNB,2005,25111
Guinea-Bissau,GNB,2006,37
Guinea-Bissau,GNB,2007,153
Guinea-Bissau,GNB,2008,14323
Guinea-Bissau,GNB,2009,5
Guinea-Bissau,GNB,2012,3068
Guinea-Bissau,GNB,2013,969
Guinea-Bissau,GNB,2014,11
Guyana,GUY,1992,576
Guyana,GUY,1993,66
Haiti,HTI,2010,179379
Haiti,HTI,2011,340311
Haiti,HTI,2012,112076
Haiti,HTI,2013,58809
Haiti,HTI,2014,27753
Haiti,HTI,2015,36045
Haiti,HTI,2016,41421
Haiti,HTI,2017,13681
Haiti,HTI,2018,3777
Haiti,HTI,2019,720
Honduras,HND,1991,17
Honduras,HND,1992,407
Honduras,HND,1993,4013
Honduras,HND,1994,5049
Honduras,HND,1995,4717
Honduras,HND,1996,708
Honduras,HND,1997,100
Honduras,HND,1998,306
Honduras,HND,1999,56
Honduras,HND,2000,8
Honduras,HND,2001,1
Hungary,HUN,1997,1
India,IND,1950,625
India,IND,1951,86787
India,IND,1952,101493
India,IND,1953,213225
India,IND,1954,22146
India,IND,1955,23533
India,IND,1956,39829
India,IND,1957,54961
India,IND,1958,66849
India,IND,1959,14852
India,IND,1960,14621
India,IND,1961,47637
India,IND,1962,51082
India,IND,1963,44839
India,IND,1964,53011
India,IND,1965,42677
India,IND,1966,13052
India,IND,1967,13708
India,IND,1968,22587
India,IND,1969,19280
India,IND,1970,15067
India,IND,1971,71386
India,IND,1972,20435
India,IND,1973,41611
India,IND,1974,30903
India,IND,1975,22049
India,IND,1976,14946
India,IND,1977,8376
India,IND,1978,10585
India,IND,1979,5073
India,IND,1980,8344
India,IND,1981,4681
India,IND,1982,4656
India,IND,1983,8542
India,IND,1984,2527
India,IND,1985,5808
India,IND,1986,4208
India,IND,1987,11934
India,IND,1988,17162
India,IND,1989,5640
India,IND,1990,3583
India,IND,1991,6993
India,IND,1992,6911
India,IND,1993,12084
India,IND,1994,4973
India,IND,1995,3315
India,IND,1996,4396
India,IND,1997,2768
India,IND,1998,7151
India,IND,1999,3839
India,IND,2000,4053
India,IND,2001,4081
India,IND,2002,3455
India,IND,2003,2893
India,IND,2004,4695
India,IND,2005,3155
India,IND,2006,1939
India,IND,2007,2635
India,IND,2008,2680
India,IND,2010,5155
India,IND,2013,6008
India,IND,2014,4031
India,IND,2015,889
India,IND,2016,841
India,IND,2017,385
India,IND,2018,697
India,IND,2020,70
Indonesia,IDN,1960,41
Indonesia,IDN,1961,1742
Indonesia,IDN,1962,428
Indonesia,IDN,1963,535
Indonesia,IDN,1964,326
Indonesia,IDN,1966,204
Indonesia,IDN,1967,700
Indonesia,IDN,1968,135
Indonesia,IDN,1969,627
Indonesia,IDN,1970,5997
Indonesia,IDN,1971,23555
Indonesia,IDN,1972,44383
Indonesia,IDN,1973,52042
Indonesia,IDN,1974,41474
Indonesia,IDN,1975,48387
Indonesia,IDN,1976,41264
Indonesia,IDN,1977,17112
Indonesia,IDN,1978,10683
Indonesia,IDN,1979,18817
Indonesia,IDN,1980,5541
Indonesia,IDN,1981,18354
Indonesia,IDN,1982,10391
Indonesia,IDN,1983,13832
Indonesia,IDN,1984,7921
Indonesia,IDN,1985,4732
Indonesia,IDN,1986,11915
Indonesia,IDN,1987,659
Indonesia,IDN,1988,50
Indonesia,IDN,1989,67
Indonesia,IDN,1990,155
Indonesia,IDN,1991,6202
Indonesia,IDN,1992,25
Indonesia,IDN,1993,3564
Indonesia,IDN,1994,47
Indonesia,IDN,1996,66
Indonesia,IDN,1997,66
Indonesia,IDN,2001,561
Indonesia,IDN,2005,1338
Indonesia,IDN,2008,1007
Iran,IRN,1965,5037
Iran,IRN,1966,162
Iran,IRN,1967,221
Iran,IRN,1969,557
Iran,IRN,1970,19663
Iran,IRN,1971,344
Iran,IRN,1972,322
Iran,IRN,1973,55
Iran,IRN,1974,304
Iran,IRN,1975,2966
Iran,IRN,1976,2100
Iran,IRN,1977,10836
Iran,IRN,1978,264
Iran,IRN,1979,1856
Iran,IRN,1980,1599
Iran,IRN,1981,6034
Iran,IRN,1982,427
Iran,IRN,1983,270
Iran,IRN,1984,531
Iran,IRN,1985,1208
Iran,IRN,1986,20
Iran,IRN,1987,295
Iran,IRN,1988,486
Iran,IRN,1989,5222
Iran,IRN,1990,178
Iran,IRN,1991,1892
Iran,IRN,1992,97
Iran,IRN,1993,1347
Iran,IRN,1994,15
Iran,IRN,1995,2177
Iran,IRN,1997,1106
Iran,IRN,1998,270
Iran,IRN,1999,1369
Iran,IRN,2000,345
Iran,IRN,2001,105
Iran,IRN,2002,118
Iran,IRN,2003,96
Iran,IRN,2004,94
Iran,IRN,2005,1133
Iran,IRN,2007,19
Iran,IRN,2008,72
Iran,IRN,2011,1187
Iran,IRN,2012,53
Iran,IRN,2013,256
Iran,IRN,2015,86
Iran,IRN,2018,7
Iran,IRN,2019,2
Iran,IRN,2020,1
Iraq,IRQ,1966,227
Iraq,IRQ,1977,133
Iraq,IRQ,1978,96
Iraq,IRQ,1991,877
Iraq,IRQ,1992,97
Iraq,IRQ,1993,280
Iraq,IRQ,1994,838
Iraq,IRQ,1995,820
Iraq,IRQ,1996,1
Iraq,IRQ,1998,53
Iraq,IRQ,1999,1985
Iraq,IRQ,2000,532
Iraq,IRQ,2001,560
Iraq,IRQ,2002,718
Iraq,IRQ,2003,187
Iraq,IRQ,2004,35
Iraq,IRQ,2007,4697
Iraq,IRQ,2008,925
Iraq,IRQ,2009,6
Iraq,IRQ,2010,2
Iraq,IRQ,2012,4693
Iraq,IRQ,2013,1
Iraq,IRQ,2015,4965
Iraq,IRQ,2016,5
Iraq,IRQ,2018,3
Iraq,IRQ,2020,9
Ireland,IRL,2001,1
Israel,ISR,1970,185
Israel,ISR,1971,1
Israel,ISR,1972,11
Israel,ISR,1982,1
Israel,ISR,1987,2
Israel,ISR,1988,1
Israel,ISR,2013,1
Italy,ITA,1973,278
Italy,ITA,1975,1
Italy,ITA,1977,2
Italy,ITA,1979,8
Italy,ITA,1994,12
Italy,ITA,1995,1
Italy,ITA,1998,2
Italy,ITA,2006,1
Italy,ITA,2007,1
Italy,ITA,2013,1
Japan,JPN,1963,16
Japan,JPN,1964,2
Japan,JPN,1969,8
Japan,JPN,1970,5
Japan,JPN,1975,3
Japan,JPN,1976,6
Japan,JPN,1977,52
Japan,JPN,1978,34
Japan,JPN,1979,11
Japan,JPN,1980,23
Japan,JPN,1981,19
Japan,JPN,1982,16
Japan,JPN,1983,35
Japan,JPN,1984,55
Japan,JPN,1985,36
Japan,JPN,1986,26
Japan,JPN,1987,34
Japan,JPN,1988,33
Japan,JPN,1989,95
Japan,JPN,1990,73
Japan,JPN,1991,90
Japan,JPN,1992,46
Japan,JPN,1993,89
Japan,JPN,1994,91
Japan,JPN,1995,321
Japan,JPN,1996,39
Japan,JPN,1997,89
Japan,JPN,1998,60
Japan,JPN,1999,40
Japan,JPN,2000,34
Japan,JPN,2001,11
Japan,JPN,2002,27
Japan,JPN,2003,16
Japan,JPN,2004,66
Japan,JPN,2005,43
Japan,JPN,2006,34
Japan,JPN,2007,0
Japan,JPN,2011,12
Japan,JPN,2012,3
Japan,JPN,2013,8
Japan,JPN,2014,5
Japan,JPN,2015,7
Japan,JPN,2016,10
Japan,JPN,2017,7
Japan,JPN,2018,4
Japan,JPN,2019,5
Japan,JPN,2020,1
Jordan,JOR,1970,3
Jordan,JOR,1976,152
Jordan,JOR,1977,427
Jordan,JOR,1979,141
Jordan,JOR,1981,870
Jordan,JOR,1990,2
Kazakhstan,KAZ,1993,74
Kazakhstan,KAZ,1994,3
Kazakhstan,KAZ,1995,16
Kazakhstan,KAZ,1997,4
Kazakhstan,KAZ,2001,1
Kazakhstan,KAZ,2008,1
Kenya,KEN,1971,239
Kenya,KEN,1972,51
Kenya,KEN,1974,402
Kenya,KEN,1975,1093
Kenya,KEN,1976,1359
Kenya,KEN,1977,21
Kenya,KEN,1978,673
Kenya,KEN,1979,1070
Kenya,KEN,1980,2808
Kenya,KEN,1981,2424
Kenya,KEN,1982,3498
Kenya,KEN,1983,1049
Kenya,KEN,1984,14
Kenya,KEN,1985,1352
Kenya,KEN,1986,839
Kenya,KEN,1987,255
Kenya,KEN,1989,918
Kenya,KEN,1992,3388
Kenya,KEN,1994,880
Kenya,KEN,1995,1547
Kenya,KEN,1996,482
Kenya,KEN,1997,17200
Kenya,KEN,1998,22432
Kenya,KEN,1999,11039
Kenya,KEN,2000,1157
Kenya,KEN,2001,1001
Kenya,KEN,2002,291
Kenya,KEN,2004,870
Kenya,KEN,2005,816
Kenya,KEN,2006,870
Kenya,KEN,2007,1206
Kenya,KEN,2008,3091
Kenya,KEN,2009,11425
Kenya,KEN,2010,3188
Kenya,KEN,2011,74
Kenya,KEN,2014,35
Kenya,KEN,2015,13291
Kenya,KEN,2016,5866
Kenya,KEN,2017,4288
Kenya,KEN,2018,5719
Kenya,KEN,2019,5208
Kenya,KEN,2020,447
Kenya,KEN,2021,38
Kiribati,KIR,1977,1307
Kiribati,KIR,1978,494
Kuwait,KWT,1970,4
Kuwait,KWT,1975,3
Kuwait,KWT,1976,2
Kuwait,KWT,1977,13
Kuwait,KWT,1978,1
Kuwait,KWT,1979,3
Kuwait,KWT,1981,8
Kuwait,KWT,1985,113
Kuwait,KWT,1986,38
Kuwait,KWT,1989,133
Kuwait,KWT,1993,1
Kuwait,KWT,1997,1
Kuwait,KWT,2015,5
Kyrgyzstan,KGZ,1994,4
Laos,LAO,1953,31
Laos,LAO,1969,448
Laos,LAO,1993,5521
Laos,LAO,1994,9660
Laos,LAO,1995,1365
Laos,LAO,1996,720
Laos,LAO,2007,169
Laos,LAO,2008,201
Laos,LAO,2010,237
Lebanon,LBN,1970,54
Lebanon,LBN,1977,30
Lebanon,LBN,1993,344
Lebanon,LBN,1994,3
Lebanon,LBN,2005,1
Lesotho,LSO,2005,0
Lesotho,LSO,2006,0
Liberia,LBR,1970,168
Liberia,LBR,1971,606
Liberia,LBR,1972,947
Liberia,LBR,1973,1336
Liberia,LBR,1974,512
Liberia,LBR,1975,704
Liberia,LBR,1976,646
Liberia,LBR,1977,512
Liberia,LBR,1978,422
Liberia,LBR,1979,438
Liberia,LBR,1980,2690
Liberia,LBR,1981,1582
Liberia,LBR,1982,670
Liberia,LBR,1983,183
Liberia,LBR,1984,492
Liberia,LBR,1985,355
Liberia,LBR,1986,59
Liberia,LBR,1987,33
Liberia,LBR,1988,68
Liberia,LBR,1989,28
Liberia,LBR,1991,132
Liberia,LBR,1994,764
Liberia,LBR,1995,3420
Liberia,LBR,1996,8922
Liberia,LBR,1997,91
Liberia,LBR,1998,2123
Liberia,LBR,1999,215
Liberia,LBR,2000,365
Liberia,LBR,2001,1062
Liberia,LBR,2002,1115
Liberia,LBR,2003,34740
Liberia,LBR,2004,2786
Liberia,LBR,2005,3823
Liberia,LBR,2006,4929
Liberia,LBR,2007,3063
Liberia,LBR,2008,1236
Liberia,LBR,2009,1070
Liberia,LBR,2010,1546
Liberia,LBR,2011,1146
Liberia,LBR,2012,219
Liberia,LBR,2013,92
Liberia,LBR,2014,44
Liberia,LBR,2018,2
Liberia,LBR,2021,167
Libya,LBY,1970,1151
Libya,LBY,1995,22
Madagascar,MDG,1971,2
Madagascar,MDG,1996,0
Madagascar,MDG,1999,9973
Madagascar,MDG,2000,29305
Madagascar,MDG,2001,7219
Madagascar,MDG,2002,27
Madagascar,MDG,2003,5
Madagascar,MDG,2005,0
Madagascar,MDG,2006,0
Malawi,MWI,1973,371
Malawi,MWI,1976,19
Malawi,MWI,1977,577
Malawi,MWI,1978,263
Malawi,MWI,1981,261
Malawi,MWI,1983,487
Malawi,MWI,1988,6
Malawi,MWI,1989,8351
Malawi,MWI,1990,13457
Malawi,MWI,1991,8088
Malawi,MWI,1992,298
Malawi,MWI,1993,25193
Malawi,MWI,1994,107
Malawi,MWI,1995,1
Malawi,MWI,1996,1
Malawi,MWI,1997,130
Malawi,MWI,1998,1745
Malawi,MWI,1999,26508
Malawi,MWI,2000,2391
Malawi,MWI,2001,2395
Malawi,MWI,2002,32618
Malawi,MWI,2003,2736
Malawi,MWI,2004,675
Malawi,MWI,2005,1105
Malawi,MWI,2006,4148
Malawi,MWI,2007,475
Malawi,MWI,2008,831
Malawi,MWI,2009,5751
Malawi,MWI,2010,1155
Malawi,MWI,2011,120
Malawi,MWI,2012,187
Malawi,MWI,2015,693
Malawi,MWI,2016,1792
Malawi,MWI,2017,344
Malawi,MWI,2018,812
Malawi,MWI,2019,23
Malawi,MWI,2020,3
Malawi,MWI,2021,2
Malaysia,MYS,1954,1
Malaysia,MYS,1963,349
Malaysia,MYS,1964,512
Malaysia,MYS,1965,16
Malaysia,MYS,1966,5
Malaysia,MYS,1968,15
Malaysia,MYS,1969,70
Malaysia,MYS,1970,106
Malaysia,MYS,1971,53
Malaysia,MYS,1972,864
Malaysia,MYS,1973,369
Malaysia,MYS,1974,349
Malaysia,MYS,1975,110
Malaysia,MYS,1976,246
Malaysia,MYS,1977,444
Malaysia,MYS,1978,1635
Malaysia,MYS,1979,502
Malaysia,MYS,1980,97
Malaysia,MYS,1981,469
Malaysia,MYS,1982,516
Malaysia,MYS,1983,2195
Malaysia,MYS,1984,67
Malaysia,MYS,1985,52
Malaysia,MYS,1986,55
Malaysia,MYS,1987,1168
Malaysia,MYS,1988,1324
Malaysia,MYS,1989,393
Malaysia,MYS,1990,2071
Malaysia,MYS,1991,506
Malaysia,MYS,1992,474
Malaysia,MYS,1993,995
Malaysia,MYS,1994,534
Malaysia,MYS,1995,2209
Malaysia,MYS,1996,1486
Malaysia,MYS,1997,389
Malaysia,MYS,1998,1304
Malaysia,MYS,1999,535
Malaysia,MYS,2000,124
Malaysia,MYS,2001,557
Malaysia,MYS,2004,16
Malaysia,MYS,2006,237
Malaysia,MYS,2007,0
Malaysia,MYS,2009,187
Malaysia,MYS,2010,443
Malaysia,MYS,2011,586
Malaysia,MYS,2012,282
Malaysia,MYS,2013,171
Malaysia,MYS,2014,134
Malaysia,MYS,2015,244
Malaysia,MYS,2017,2
Malaysia,MYS,2018,165
Malaysia,MYS,2019,81
Malaysia,MYS,2021,64
Maldives,MDV,1978,11336
Mali,MLI,1970,2665
Mali,MLI,1971,4792
Mali,MLI,1972,2
Mali,MLI,1973,219
Mali,MLI,1974,130
Mali,MLI,1984,1795
Mali,MLI,1985,3759
Mali,MLI,1986,1916
Mali,MLI,1987,352
Mali,MLI,1995,2191
Mali,MLI,1996,5723
Mali,MLI,1997,6
Mali,MLI,1999,6
Mali,MLI,2000,1885
Mali,MLI,2001,67
Mali,MLI,2002,18
Mali,MLI,2003,1455
Mali,MLI,2004,2839
Mali,MLI,2005,1178
Mali,MLI,2006,7
Mali,MLI,2008,153
Mali,MLI,2011,2220
Mali,MLI,2012,219
Mali,MLI,2013,23
Mali,MLI,2021,12
Marshall Islands,MHL,2000,300
Mauritania,MRT,1971,1139
Mauritania,MRT,1972,148
Mauritania,MRT,1973,150
Mauritania,MRT,1984,166
Mauritania,MRT,1985,259
Mauritania,MRT,1986,3734
Mauritania,MRT,1987,1578
Mauritania,MRT,1988,575
Mauritania,MRT,1989,700
Mauritania,MRT,1996,4534
Mauritania,MRT,1997,462
Mauritania,MRT,2002,80
Mauritania,MRT,2003,34
Mauritania,MRT,2005,4132
Mauritania,MRT,2006,25
Mauritania,MRT,2007,3
Mauritania,MRT,2011,46
Mauritius,MUS,2005,0
Mauritius,MUS,2006,0
Mexico,MEX,1991,2690
Mexico,MEX,1992,8162
Mexico,MEX,1993,10712
Mexico,MEX,1994,4059
Mexico,MEX,1995,16430
Mexico,MEX,1996,1088
Mexico,MEX,1997,2356
Mexico,MEX,1998,71
Mexico,MEX,2000,5
Mexico,MEX,2001,1
Mexico,MEX,2008,1
Mexico,MEX,2010,1
Mexico,MEX,2011,1
Mexico,MEX,2012,2
Mexico,MEX,2013,187
Mexico,MEX,2014,14
Mexico,MEX,2015,1
Mexico,MEX,2018,1
Micronesia (country),FSM,1990,34
Micronesia (country),FSM,1996,1
Micronesia (country),FSM,2000,3452
Micronesia (country),FSM,2001,14
Micronesia (country),FSM,2005,0
Moldova,MDA,1993,1
Moldova,MDA,1994,8
Moldova,MDA,1995,240
Mongolia,MNG,1996,177
Mongolia,MNG,2005,0
Morocco,MAR,1971,56
Morocco,MAR,1972,7
Morocco,MAR,1976,2
Morocco,MAR,1990,4573
Morocco,MAR,1994,6
Mozambique,MOZ,1973,453
Mozambique,MOZ,1974,1018
Mozambique,MOZ,1975,11
Mozambique,MOZ,1976,3
Mozambique,MOZ,1977,18
Mozambique,MOZ,1979,4564
Mozambique,MOZ,1980,1212
Mozambique,MOZ,1981,1753
Mozambique,MOZ,1982,2301
Mozambique,MOZ,1983,10745
Mozambique,MOZ,1984,521
Mozambique,MOZ,1985,3
Mozambique,MOZ,1986,1
Mozambique,MOZ,1989,371
Mozambique,MOZ,1990,4152
Mozambique,MOZ,1991,7847
Mozambique,MOZ,1992,30802
Mozambique,MOZ,1993,19803
Mozambique,MOZ,1994,692
Mozambique,MOZ,1996,0
Mozambique,MOZ,1997,8739
Mozambique,MOZ,1998,42672
Mozambique,MOZ,1999,44329
Mozambique,MOZ,2000,17649
Mozambique,MOZ,2001,8794
Mozambique,MOZ,2002,24375
Mozambique,MOZ,2003,13758
Mozambique,MOZ,2004,20080
Mozambique,MOZ,2005,2226
Mozambique,MOZ,2006,6306
Mozambique,MOZ,2007,2622
Mozambique,MOZ,2008,9087
Mozambique,MOZ,2009,19679
Mozambique,MOZ,2010,7430
Mozambique,MOZ,2011,1279
Mozambique,MOZ,2012,647
Mozambique,MOZ,2013,1869
Mozambique,MOZ,2014,480
Mozambique,MOZ,2015,8739
Mozambique,MOZ,2016,883
Mozambique,MOZ,2017,5892
Mozambique,MOZ,2018,910
Mozambique,MOZ,2019,7010
Mozambique,MOZ,2020,3787
Mozambique,MOZ,2021,5072
Myanmar,MMR,1950,4212
Myanmar,MMR,1951,6753
Myanmar,MMR,1952,347
Myanmar,MMR,1953,22
Myanmar,MMR,1954,35
Myanmar,MMR,1955,42
Myanmar,MMR,1956,13
Myanmar,MMR,1957,10
Myanmar,MMR,1958,7
Myanmar,MMR,1959,3
Myanmar,MMR,1960,259
Myanmar,MMR,1961,1
Myanmar,MMR,1962,1
Myanmar,MMR,1963,3019
Myanmar,MMR,1964,922
Myanmar,MMR,1965,207
Myanmar,MMR,1966,263
Myanmar,MMR,1967,9
Myanmar,MMR,1968,3
Myanmar,MMR,1969,205
Myanmar,MMR,1970,911
Myanmar,MMR,1971,378
Myanmar,MMR,1972,180
Myanmar,MMR,1973,386
Myanmar,MMR,1974,2363
Myanmar,MMR,1975,2942
Myanmar,MMR,1976,1519
Myanmar,MMR,1978,3551
Myanmar,MMR,1979,874
Myanmar,MMR,1980,1018
Myanmar,MMR,1981,28
Myanmar,MMR,1983,989
Myanmar,MMR,1989,597
Myanmar,MMR,1991,924
Myanmar,MMR,1992,826
Myanmar,MMR,1993,1758
Myanmar,MMR,1994,421
Myanmar,MMR,1995,1296
Myanmar,MMR,2008,45
Myanmar,MMR,2011,16
Myanmar,MMR,2012,174
Myanmar,MMR,2013,33
Myanmar,MMR,2014,400
Myanmar,MMR,2015,103
Myanmar,MMR,2016,782
Namibia,NAM,2005,0
Namibia,NAM,2006,185
Namibia,NAM,2007,14
Namibia,NAM,2008,3496
Namibia,NAM,2009,159
Namibia,NAM,2013,3
Namibia,NAM,2014,485
Nauru,NRU,1978,38
Nauru,NRU,1979,50
Nepal,NPL,1958,2706
Nepal,NPL,1965,727
Nepal,NPL,1966,2
Nepal,NPL,1968,34
Nepal,NPL,1969,226
Nepal,NPL,1970,391
Nepal,NPL,1971,4
Nepal,NPL,1972,1
Nepal,NPL,1973,7
Nepal,NPL,1974,8
Nepal,NPL,1975,260
Nepal,NPL,1976,185
Nepal,NPL,1977,428
Nepal,NPL,1978,1662
Nepal,NPL,1979,22
Nepal,NPL,1980,1
Nepal,NPL,1981,24
Nepal,NPL,1989,141
Nepal,NPL,1990,23888
Nepal,NPL,1991,30648
Nepal,NPL,1992,798
Nepal,NPL,1993,31
Nepal,NPL,1994,32
Nepal,NPL,1995,157
Nepal,NPL,1996,274
Nepal,NPL,1997,245
Nepal,NPL,1998,1745
Nepal,NPL,2007,264
Nepal,NPL,2009,82
Nepal,NPL,2010,1790
Nepal,NPL,2011,12
Nepal,NPL,2012,34
Nepal,NPL,2014,933
Nepal,NPL,2015,80
Nepal,NPL,2016,169
Nepal,NPL,2017,7
Nepal,NPL,2018,7
Nepal,NPL,2021,1609
Netherlands,NLD,1976,1
Netherlands,NLD,1977,1
Netherlands,NLD,1978,4
Netherlands,NLD,1979,5
Netherlands,NLD,1981,2
Netherlands,NLD,1983,2
Netherlands,NLD,1988,1
Netherlands,NLD,1990,3
Netherlands,NLD,1993,3
Netherlands,NLD,1994,1
Netherlands,NLD,1995,9
Netherlands,NLD,1996,3
Netherlands,NLD,1997,2
Netherlands,NLD,1998,4
Netherlands,NLD,1999,2
Netherlands,NLD,2000,1
Netherlands,NLD,2002,1
Netherlands,NLD,2003,1
Netherlands,NLD,2004,1
Netherlands,NLD,2005,4
Netherlands,NLD,2006,3
Netherlands,NLD,2008,5
Netherlands,NLD,2016,1
Netherlands,NLD,2020,2
New Zealand,NZL,1972,3
New Zealand,NZL,1987,2
New Zealand,NZL,1990,5
New Zealand,NZL,1994,2
New Zealand,NZL,1995,2
New Zealand,NZL,1998,1
New Zealand,NZL,1999,1
New Zealand,NZL,2001,1
New Zealand,NZL,2005,1
New Zealand,NZL,2018,1
Nicaragua,NIC,1991,1
Nicaragua,NIC,1992,3067
Nicaragua,NIC,1993,6631
Nicaragua,NIC,1994,7821
Nicaragua,NIC,1995,8825
Nicaragua,NIC,1996,2813
Nicaragua,NIC,1997,1283
Nicaragua,NIC,1998,1437
Nicaragua,NIC,1999,552
Nicaragua,NIC,2000,12
Niger,NER,1970,16
Niger,NER,1971,9265
Niger,NER,1972,51
Niger,NER,1973,121
Niger,NER,1974,286
Niger,NER,1981,7
Niger,NER,1984,3788
Niger,NER,1989,166
Niger,NER,1991,3238
Niger,NER,1994,732
Niger,NER,1995,264
Niger,NER,1996,3957
Niger,NER,1997,259
Niger,NER,1999,1186
Niger,NER,2000,225
Niger,NER,2001,81
Niger,NER,2002,236
Niger,NER,2003,292
Niger,NER,2004,2178
Niger,NER,2005,553
Niger,NER,2006,1232
Niger,NER,2007,24
Niger,NER,2008,972
Niger,NER,2010,1154
Niger,NER,2011,2324
Niger,NER,2012,5284
Niger,NER,2013,585
Niger,NER,2014,2059
Niger,NER,2015,51
Niger,NER,2016,38
Niger,NER,2018,3900
Niger,NER,2021,5591
Nigeria,NGA,1970,15
Nigeria,NGA,1971,22931
Nigeria,NGA,1972,1363
Nigeria,NGA,1973,157
Nigeria,NGA,1975,38
Nigeria,NGA,1976,112
Nigeria,NGA,1977,376
Nigeria,NGA,1978,197
Nigeria,NGA,1979,293
Nigeria,NGA,1980,138
Nigeria,NGA,1981,107
Nigeria,NGA,1982,248
Nigeria,NGA,1983,178
Nigeria,NGA,1984,1667
Nigeria,NGA,1985,30
Nigeria,NGA,1986,91
Nigeria,NGA,1987,1290
Nigeria,NGA,1988,137
Nigeria,NGA,1989,1078
Nigeria,NGA,1991,59478
Nigeria,NGA,1992,8687
Nigeria,NGA,1993,4160
Nigeria,NGA,1994,2859
Nigeria,NGA,1995,1059
Nigeria,NGA,1996,12374
Nigeria,NGA,1997,1322
Nigeria,NGA,1998,3464
Nigeria,NGA,1999,26358
Nigeria,NGA,2000,2799
Nigeria,NGA,2001,2312
Nigeria,NGA,2002,5429
Nigeria,NGA,2003,1933
Nigeria,NGA,2004,3186
Nigeria,NGA,2005,4477
Nigeria,NGA,2006,2028
Nigeria,NGA,2007,1661
Nigeria,NGA,2008,5410
Nigeria,NGA,2009,13691
Nigeria,NGA,2010,44456
Nigeria,NGA,2011,23377
Nigeria,NGA,2012,597
Nigeria,NGA,2013,6600
Nigeria,NGA,2014,35996
Nigeria,NGA,2015,5290
Nigeria,NGA,2016,768
Nigeria,NGA,2017,12174
Nigeria,NGA,2018,45037
Nigeria,NGA,2019,2486
Nigeria,NGA,2020,596
Nigeria,NGA,2021,111062
North America,,1987,6
North America,,1988,9
North America,,1989,1
North America,,1990,7
North America,,1991,8535
North America,,1992,38443
North America,,1993,58749
North America,,1994,34049
North America,,1995,40934
North America,,1996,6409
North America,,1997,5009
North America,,1998,7839
North America,,1999,2837
North America,,2000,1277
North America,,2001,25
North America,,2002,7
North America,,2003,8
North America,,2004,8
North America,,2005,19
North America,,2006,10
North America,,2007,8
North America,,2008,7
North America,,2009,12
North America,,2010,179588
North America,,2011,361215
North America,,2012,120433
North America,,2013,61146
North America,,2014,28455
North America,,2015,36664
North America,,2016,42595
North America,,2017,13818
North America,,2018,3906
North America,,2019,733
North America,,2020,2
North Korea,PRK,1980,170
North Korea,PRK,1996,7
Norway,NOR,1987,1
Norway,NOR,1989,1
Norway,NOR,1995,1
Norway,NOR,1998,2
Norway,NOR,2005,1
Norway,NOR,2006,1
Norway,NOR,2007,1
Norway,NOR,2015,1
Oceania,,1962,1293
Oceania,,1969,0
Oceania,,1972,43
Oceania,,1977,1309
Oceania,,1978,533
Oceania,,1979,51
Oceania,,1980,3
Oceania,,1981,2
Oceania,,1982,1
Oceania,,1983,4
Oceania,,1984,1
Oceania,,1985,2
Oceania,,1987,3
Oceania,,1988,1
Oceania,,1990,81
Oceania,,1992,296
Oceania,,1993,5
Oceania,,1994,5
Oceania,,1995,7
Oceania,,1996,3
Oceania,,1997,2
Oceania,,1998,6
Oceania,,1999,5
Oceania,,2000,3753
Oceania,,2001,162
Oceania,,2002,5
Oceania,,2004,2
Oceania,,2005,3
Oceania,,2006,3
Oceania,,2007,3
Oceania,,2009,1957
Oceania,,2010,9000
Oceania,,2011,1541
Oceania,,2012,5
Oceania,,2013,3
Oceania,,2014,2
Oceania,,2015,2
Oceania,,2016,1
Oceania,,2017,3
Oceania,,2018,1
Oceania,,2019,2
Oman,OMN,1971,9
Oman,OMN,2001,7
Oman,OMN,2002,1
Oman,OMN,2015,1
Oman,OMN,2018,1
Oman,OMN,2019,4
Oman,OMN,2021,5
Pakistan,PAK,1958,366
Pakistan,PAK,1960,6704
Pakistan,PAK,1965,21
Pakistan,PAK,1968,3932
Pakistan,PAK,1969,717
Pakistan,PAK,1970,2
Pakistan,PAK,1971,1185
Pakistan,PAK,1976,144
Pakistan,PAK,1977,12
Pakistan,PAK,1981,4
Pakistan,PAK,1993,12092
Pakistan,PAK,2010,164
Pakistan,PAK,2011,527
Pakistan,PAK,2012,144
Pakistan,PAK,2013,1069
Pakistan,PAK,2014,1218
Pakistan,PAK,2020,21
Pakistan,PAK,2021,21
Panama,PAN,1991,1178
Panama,PAN,1992,2416
Panama,PAN,1993,42
Papua New Guinea,PNG,1962,1293
Papua New Guinea,PNG,2005,0
Papua New Guinea,PNG,2009,1957
Papua New Guinea,PNG,2010,8997
Papua New Guinea,PNG,2011,1535
Paraguay,PRY,1993,3
Paraguay,PRY,1996,4
Paraguay,PRY,2009,5
Peru,PER,1991,322562
Peru,PER,1992,242237
Peru,PER,1993,72404
Peru,PER,1994,23887
Peru,PER,1995,22397
Peru,PER,1996,4518
Peru,PER,1997,3483
Peru,PER,1998,41717
Peru,PER,1999,1546
Peru,PER,2000,934
Peru,PER,2001,494
Peru,PER,2002,16
Philippines,PHL,1961,9923
Philippines,PHL,1962,13015
Philippines,PHL,1963,3979
Philippines,PHL,1964,16464
Philippines,PHL,1965,4581
Philippines,PHL,1966,5261
Philippines,PHL,1967,1629
Philippines,PHL,1968,2787
Philippines,PHL,1969,1541
Philippines,PHL,1970,1095
Philippines,PHL,1971,3585
Philippines,PHL,1972,5601
Philippines,PHL,1973,2840
Philippines,PHL,1974,1730
Philippines,PHL,1975,680
Philippines,PHL,1976,1258
Philippines,PHL,1977,1363
Philippines,PHL,1978,1408
Philippines,PHL,1979,1268
Philippines,PHL,1980,836
Philippines,PHL,1981,864
Philippines,PHL,1982,930
Philippines,PHL,1985,10
Philippines,PHL,1992,345
Philippines,PHL,1993,708
Philippines,PHL,1994,3340
Philippines,PHL,1995,847
Philippines,PHL,1996,1402
Philippines,PHL,1997,605
Philippines,PHL,1998,729
Philippines,PHL,1999,330
Philippines,PHL,2000,275
Philippines,PHL,2001,174
Philippines,PHL,2004,533
Philippines,PHL,2005,139
Philippines,PHL,2006,66
Philippines,PHL,2007,0
Philippines,PHL,2010,33
Philippines,PHL,2011,120
Philippines,PHL,2012,1864
Philippines,PHL,2013,6
Philippines,PHL,2014,4547
Philippines,PHL,2016,124
Philippines,PHL,2017,134
Philippines,PHL,2018,2102
Philippines,PHL,2019,5491
Philippines,PHL,2020,3
Philippines,PHL,2021,2019
Poland,POL,1981,1
Poland,POL,1994,1
Poland,POL,2005,1
Portugal,PRT,1971,64
Portugal,PRT,1974,2467
Portugal,PRT,1975,1066
Portugal,PRT,1994,1
Portugal,PRT,1995,1
Qatar,QAT,2002,1
Qatar,QAT,2004,1
Qatar,QAT,2005,2
Qatar,QAT,2017,5
Romania,ROU,1990,270
Romania,ROU,1991,226
Romania,ROU,1992,3
Romania,ROU,1993,15
Romania,ROU,1994,80
Romania,ROU,1995,118
Russia,RUS,1970,720
Russia,RUS,1976,1
Russia,RUS,1977,1
Russia,RUS,1990,49
Russia,RUS,1991,78
Russia,RUS,1992,6
Russia,RUS,1993,23
Russia,RUS,1994,1048
Russia,RUS,1995,9
Russia,RUS,1996,4
Russia,RUS,1997,11
Russia,RUS,1998,10
Russia,RUS,1999,8
Russia,RUS,2001,53
Russia,RUS,2004,1
Russia,RUS,2006,1
Russia,RUS,2007,1
Russia,RUS,2010,3
Russia,RUS,2012,1
Russia,RUS,2014,1
Rwanda,RWA,1978,838
Rwanda,RWA,1979,5
Rwanda,RWA,1980,30
Rwanda,RWA,1981,24
Rwanda,RWA,1982,201
Rwanda,RWA,1983,54
Rwanda,RWA,1984,161
Rwanda,RWA,1985,21
Rwanda,RWA,1986,226
Rwanda,RWA,1987,101
Rwanda,RWA,1988,70
Rwanda,RWA,1989,1
Rwanda,RWA,1991,679
Rwanda,RWA,1992,503
Rwanda,RWA,1993,568
Rwanda,RWA,1994,10
Rwanda,RWA,1995,3
Rwanda,RWA,1996,106
Rwanda,RWA,1997,274
Rwanda,RWA,1998,3220
Rwanda,RWA,1999,327
Rwanda,RWA,2000,1235
Rwanda,RWA,2001,157
Rwanda,RWA,2003,12
Rwanda,RWA,2004,586
Rwanda,RWA,2005,89
Rwanda,RWA,2006,405
Rwanda,RWA,2007,1453
Rwanda,RWA,2008,23
Rwanda,RWA,2009,67
Rwanda,RWA,2012,9
Rwanda,RWA,2016,355
Rwanda,RWA,2021,74
Samoa,WSM,1980,1
Sao Tome and Principe,STP,1989,3953
Sao Tome and Principe,STP,1990,804
Sao Tome and Principe,STP,1991,3
Sao Tome and Principe,STP,2005,1966
Sao Tome and Principe,STP,2006,926
Sao Tome and Principe,STP,2007,90
Sao Tome and Principe,STP,2008,119
Saudi Arabia,SAU,1970,266
Saudi Arabia,SAU,1972,303
Saudi Arabia,SAU,1975,91
Saudi Arabia,SAU,1976,50
Saudi Arabia,SAU,1977,18
Saudi Arabia,SAU,1978,30
Saudi Arabia,SAU,1979,23
Saudi Arabia,SAU,1980,2
Saudi Arabia,SAU,1981,13
Saudi Arabia,SAU,1986,74
Saudi Arabia,SAU,2002,38
Saudi Arabia,SAU,2017,5
Senegal,SEN,1971,265
Senegal,SEN,1972,379
Senegal,SEN,1978,315
Senegal,SEN,1979,103
Senegal,SEN,1981,428
Senegal,SEN,1984,728
Senegal,SEN,1985,2988
Senegal,SEN,1986,476
Senegal,SEN,1987,3150
Senegal,SEN,1988,390
Senegal,SEN,1995,3332
Senegal,SEN,1996,16107
Senegal,SEN,1997,371
Senegal,SEN,2004,1227
Senegal,SEN,2005,31719
Senegal,SEN,2006,365
Senegal,SEN,2007,3984
Senegal,SEN,2008,1283
Senegal,SEN,2009,4
Senegal,SEN,2010,3
Senegal,SEN,2011,5
Senegal,SEN,2012,1
Serbia and Montenegro (former),,1976,3
Serbia and Montenegro (former),,1981,2
Serbia and Montenegro (former),,1989,4
Serbia and Montenegro (former),,1994,2
Seychelles,SYC,2005,0
Seychelles,SYC,2006,0
Seychelles,SYC,2007,178
Seychelles,SYC,2008,0
Sierra Leone,SLE,1970,293
Sierra Leone,SLE,1971,211
Sierra Leone,SLE,1977,12
Sierra Leone,SLE,1986,8957
Sierra Leone,SLE,1987,557
Sierra Leone,SLE,1994,9709
Sierra Leone,SLE,1995,10285
Sierra Leone,SLE,1998,2096
Sierra Leone,SLE,1999,863
Sierra Leone,SLE,2004,513
Sierra Leone,SLE,2005,6
Sierra Leone,SLE,2006,2560
Sierra Leone,SLE,2007,2219
Sierra Leone,SLE,2008,62
Sierra Leone,SLE,2012,23124
Sierra Leone,SLE,2013,377
Singapore,SGP,1953,0
Singapore,SGP,1963,27
Singapore,SGP,1964,24
Singapore,SGP,1968,6
Singapore,SGP,1969,11
Singapore,SGP,1972,114
Singapore,SGP,1973,1
Singapore,SGP,1974,8
Singapore,SGP,1975,10
Singapore,SGP,1977,11
Singapore,SGP,1978,83
Singapore,SGP,1979,10
Singapore,SGP,1980,18
Singapore,SGP,1981,34
Singapore,SGP,1982,31
Singapore,SGP,1983,14
Singapore,SGP,1984,40
Singapore,SGP,1985,27
Singapore,SGP,1986,27
Singapore,SGP,1987,63
Singapore,SGP,1988,19
Singapore,SGP,1989,39
Singapore,SGP,1990,26
Singapore,SGP,1991,34
Singapore,SGP,1992,17
Singapore,SGP,1993,24
Singapore,SGP,1994,41
Singapore,SGP,1995,14
Singapore,SGP,1996,19
Singapore,SGP,1997,19
Singapore,SGP,1998,31
Singapore,SGP,1999,11
Singapore,SGP,2000,10
Singapore,SGP,2001,8
Singapore,SGP,2002,2
Singapore,SGP,2003,1
Singapore,SGP,2004,11
Singapore,SGP,2011,2
Singapore,SGP,2012,2
Singapore,SGP,2013,2
Singapore,SGP,2014,2
Singapore,SGP,2017,3
Singapore,SGP,2018,2
Singapore,SGP,2019,2
Slovenia,SVN,2007,0
Somalia,SOM,1970,43
Somalia,SOM,1971,89
Somalia,SOM,1985,10199
Somalia,SOM,1986,15980
Somalia,SOM,1994,28334
Somalia,SOM,1995,9255
Somalia,SOM,1996,10274
Somalia,SOM,1997,6814
Somalia,SOM,1998,4417
Somalia,SOM,1999,17757
Somalia,SOM,2000,7496
Somalia,SOM,2001,2567
Somalia,SOM,2002,2775
Somalia,SOM,2003,11020
Somalia,SOM,2004,4490
Somalia,SOM,2007,41643
Somalia,SOM,2008,1281
Somalia,SOM,2009,208
Somalia,SOM,2010,3510
Somalia,SOM,2011,77636
Somalia,SOM,2012,22576
Somalia,SOM,2013,6864
Somalia,SOM,2014,2820
Somalia,SOM,2015,7536
Somalia,SOM,2016,15619
Somalia,SOM,2017,75414
Somalia,SOM,2018,6761
Somalia,SOM,2019,3100
Somalia,SOM,2020,6414
Somalia,SOM,2021,4342
South Africa,ZAF,1973,1
South Africa,ZAF,1974,37
South Africa,ZAF,1979,2
South Africa,ZAF,1980,859
South Africa,ZAF,1981,4180
South Africa,ZAF,1982,11968
South Africa,ZAF,1983,4715
South Africa,ZAF,1984,1182
South Africa,ZAF,1985,2742
South Africa,ZAF,1986,120
South Africa,ZAF,1987,37
South Africa,ZAF,1991,10
South Africa,ZAF,1992,11
South Africa,ZAF,1993,78
South Africa,ZAF,1994,4
South Africa,ZAF,1998,20
South Africa,ZAF,1999,68
South Africa,ZAF,2000,19667
South Africa,ZAF,2001,106159
South Africa,ZAF,2002,10004
South Africa,ZAF,2003,3901
South Africa,ZAF,2004,2767
South Africa,ZAF,2005,3503
South Africa,ZAF,2006,0
South Africa,ZAF,2008,3907
South Africa,ZAF,2009,10520
South Africa,ZAF,2013,1
South America,,1991,383226
South America,,1992,345316
South America,,1993,151673
South America,,1994,79723
South America,,1995,44875
South America,,1996,19122
South America,,1997,12761
South America,,1998,49269
South America,,1999,6549
South America,,2000,1817
South America,,2001,510
South America,,2002,16
South America,,2003,25
South America,,2004,28
South America,,2005,5
South America,,2009,5
South America,,2011,51
South America,,2013,6
South America,,2014,1
South Korea,KOR,1963,415
South Korea,KOR,1964,11
South Korea,KOR,1969,1538
South Korea,KOR,1970,475
South Korea,KOR,1980,145
South Korea,KOR,1991,113
South Korea,KOR,1992,6
South Korea,KOR,1993,5
South Korea,KOR,1994,34
South Korea,KOR,1995,74
South Korea,KOR,1997,10
South Korea,KOR,2001,138
South Korea,KOR,2004,10
South Korea,KOR,2010,1
South Korea,KOR,2011,3
South Korea,KOR,2013,3
South Korea,KOR,2016,4
South Korea,KOR,2017,5
South Korea,KOR,2018,2
South Korea,KOR,2019,1
South Sudan,SSD,2014,6421
South Sudan,SSD,2015,1818
South Sudan,SSD,2016,4295
South Sudan,SSD,2017,16088
Spain,ESP,1971,22
Spain,ESP,1974,5
Spain,ESP,1975,11
Spain,ESP,1976,2
Spain,ESP,1979,267
Spain,ESP,1980,4
Spain,ESP,1982,2
Spain,ESP,1983,2
Spain,ESP,1984,4
Spain,ESP,1987,2
Spain,ESP,1989,3
Spain,ESP,1990,11
Spain,ESP,1991,1
Spain,ESP,1993,3
Spain,ESP,1994,1
Spain,ESP,1995,6
Spain,ESP,1996,1
Spain,ESP,2001,1
Spain,ESP,2002,1
Spain,ESP,2006,2
Spain,ESP,2007,2
Spain,ESP,2008,5
Spain,ESP,2015,2
Sri Lanka,LKA,1973,118
Sri Lanka,LKA,1974,4559
Sri Lanka,LKA,1975,1453
Sri Lanka,LKA,1976,728
Sri Lanka,LKA,1977,5
Sri Lanka,LKA,1978,48
Sri Lanka,LKA,1979,46
Sri Lanka,LKA,1980,104
Sri Lanka,LKA,1981,574
Sri Lanka,LKA,1982,309
Sri Lanka,LKA,1983,86
Sri Lanka,LKA,1988,154
Sri Lanka,LKA,1991,70
Sri Lanka,LKA,1992,121
Sri Lanka,LKA,1993,1
Sri Lanka,LKA,1997,430
Sri Lanka,LKA,1998,1536
Sri Lanka,LKA,1999,108
Sri Lanka,LKA,2000,2
Sri Lanka,LKA,2002,9
Sudan,SDN,1979,845
Sudan,SDN,1980,17
Sudan,SDN,1985,4457
Sudan,SDN,1999,0
Sudan,SDN,2006,30662
Sudan,SDN,2007,13731
Sudan,SDN,2008,17241
Sudan,SDN,2009,13681
Sudan,SDN,2019,346
Sudan,SDN,2020,7
Sudan,SDN,2021,9
Suriname,SUR,1992,12
Sweden,SWE,1971,4
Sweden,SWE,1973,10
Sweden,SWE,1974,1
Sweden,SWE,1976,1
Sweden,SWE,1979,1
Sweden,SWE,1986,1
Sweden,SWE,1987,1
Sweden,SWE,1992,1
Sweden,SWE,1994,1
Sweden,SWE,1995,2
Sweden,SWE,1996,1
Sweden,SWE,2003,1
Sweden,SWE,2004,1
Sweden,SWE,2006,1
Sweden,SWE,2011,1
Sweden,SWE,2015,1
Switzerland,CHE,1977,1
Switzerland,CHE,1978,1
Switzerland,CHE,1981,2
Switzerland,CHE,1985,1
Switzerland,CHE,1988,1
Switzerland,CHE,1992,1
Switzerland,CHE,1993,2
Switzerland,CHE,1995,2
Switzerland,CHE,1998,2
Switzerland,CHE,2006,1
Switzerland,CHE,2015,2
Syria,SYR,1970,49
Syria,SYR,1971,5
Syria,SYR,1972,505
Syria,SYR,1975,67
Syria,SYR,1976,795
Syria,SYR,1977,2362
Syria,SYR,1979,689
Taiwan,TWN,2020,1
Tajikistan,TJK,1993,165
Tajikistan,TJK,1994,10
Tanzania,TZA,1974,10
Tanzania,TZA,1977,297
Tanzania,TZA,1978,6608
Tanzania,TZA,1979,2559
Tanzania,TZA,1980,5196
Tanzania,TZA,1981,4241
Tanzania,TZA,1982,4071
Tanzania,TZA,1983,1816
Tanzania,TZA,1984,2600
Tanzania,TZA,1985,1984
Tanzania,TZA,1986,1231
Tanzania,TZA,1987,1892
Tanzania,TZA,1988,5267
Tanzania,TZA,1989,2150
Tanzania,TZA,1990,2230
Tanzania,TZA,1991,5676
Tanzania,TZA,1992,18526
Tanzania,TZA,1993,792
Tanzania,TZA,1994,2240
Tanzania,TZA,1995,2957
Tanzania,TZA,1996,1464
Tanzania,TZA,1997,40249
Tanzania,TZA,1998,14488
Tanzania,TZA,1999,12266
Tanzania,TZA,2000,4637
Tanzania,TZA,2001,1300
Tanzania,TZA,2002,11920
Tanzania,TZA,2003,710
Tanzania,TZA,2004,10319
Tanzania,TZA,2005,2945
Tanzania,TZA,2006,14297
Tanzania,TZA,2007,1609
Tanzania,TZA,2008,2911
Tanzania,TZA,2009,7700
Tanzania,TZA,2010,4469
Tanzania,TZA,2011,942
Tanzania,TZA,2012,286
Tanzania,TZA,2013,270
Tanzania,TZA,2015,11563
Tanzania,TZA,2016,11360
Tanzania,TZA,2017,4895
Tanzania,TZA,2018,4777
Tanzania,TZA,2021,54
Thailand,THA,1949,16
Thailand,THA,1951,1
Thailand,THA,1958,10201
Thailand,THA,1959,4368
Thailand,THA,1963,2230
Thailand,THA,1964,960
Thailand,THA,1965,65
Thailand,THA,1966,401
Thailand,THA,1967,148
Thailand,THA,1968,404
Thailand,THA,1969,961
Thailand,THA,1973,844
Thailand,THA,1974,1475
Thailand,THA,1975,1335
Thailand,THA,1976,6
Thailand,THA,1977,383
Thailand,THA,1978,4183
Thailand,THA,1979,1788
Thailand,THA,1980,4331
Thailand,THA,1981,39
Thailand,THA,1982,638
Thailand,THA,1983,1497
Thailand,THA,1984,645
Thailand,THA,1985,899
Thailand,THA,1986,213
Thailand,THA,1987,6353
Thailand,THA,1988,3418
Thailand,THA,1994,3487
Thailand,THA,2006,35
Thailand,THA,2007,1428
Thailand,THA,2008,436
Thailand,THA,2009,315
Thailand,THA,2010,1974
Thailand,THA,2011,279
Thailand,THA,2012,29
Thailand,THA,2013,8
Thailand,THA,2014,12
Thailand,THA,2015,125
Thailand,THA,2016,52
Thailand,THA,2017,8
Thailand,THA,2018,6
Thailand,THA,2019,12
Thailand,THA,2020,7
Thailand,THA,2021,1
Togo,TGO,1970,75
Togo,TGO,1971,335
Togo,TGO,1972,16
Togo,TGO,1974,58
Togo,TGO,1977,132
Togo,TGO,1978,6
Togo,TGO,1988,1
Togo,TGO,1991,2396
Togo,TGO,1992,753
Togo,TGO,1993,19
Togo,TGO,1994,47
Togo,TGO,1995,65
Togo,TGO,1996,146
Togo,TGO,1997,42
Togo,TGO,1998,3217
Togo,TGO,1999,667
Togo,TGO,2000,338
Togo,TGO,2001,2551
Togo,TGO,2002,257
Togo,TGO,2003,384
Togo,TGO,2004,1080
Togo,TGO,2005,1320
Togo,TGO,2006,1159
Togo,TGO,2007,65
Togo,TGO,2008,397
Togo,TGO,2009,218
Togo,TGO,2010,72
Togo,TGO,2011,4
Togo,TGO,2012,61
Togo,TGO,2013,166
Togo,TGO,2014,262
Togo,TGO,2015,35
Togo,TGO,2020,67
Togo,TGO,2021,40
Tonga,TON,2001,145
Tunisia,TUN,1970,27
Tunisia,TUN,1972,4
Tunisia,TUN,1973,656
Turkey,TUR,1970,384
Turkey,TUR,1977,17
Turkmenistan,TKM,1994,1
Turkmenistan,TKM,1997,55
Turkmenistan,TKM,2001,561
Turkmenistan,TKM,2002,30
Tuvalu,TUV,1990,42
Tuvalu,TUV,1992,293
Uganda,UGA,1971,757
Uganda,UGA,1975,3
Uganda,UGA,1978,1120
Uganda,UGA,1979,940
Uganda,UGA,1980,1539
Uganda,UGA,1982,190
Uganda,UGA,1987,140
Uganda,UGA,1991,279
Uganda,UGA,1992,5072
Uganda,UGA,1994,704
Uganda,UGA,1995,538
Uganda,UGA,1996,291
Uganda,UGA,1997,2610
Uganda,UGA,1998,49514
Uganda,UGA,1999,5179
Uganda,UGA,2000,2807
Uganda,UGA,2001,247
Uganda,UGA,2002,2274
Uganda,UGA,2003,4377
Uganda,UGA,2004,3380
Uganda,UGA,2005,4924
Uganda,UGA,2006,5194
Uganda,UGA,2007,276
Uganda,UGA,2008,3726
Uganda,UGA,2009,1095
Uganda,UGA,2010,2341
Uganda,UGA,2012,6326
Uganda,UGA,2013,748
Uganda,UGA,2014,309
Uganda,UGA,2015,1461
Uganda,UGA,2016,516
Uganda,UGA,2017,252
Uganda,UGA,2018,4440
Uganda,UGA,2019,358
Uganda,UGA,2020,1521
Uganda,UGA,2021,173
Ukraine,UKR,1991,75
Ukraine,UKR,1994,813
Ukraine,UKR,1995,525
Ukraine,UKR,1999,2
Ukraine,UKR,2007,0
Ukraine,UKR,2011,33
United Arab Emirates,ARE,1972,2
United Arab Emirates,ARE,2002,3
United Arab Emirates,ARE,2017,12
United Arab Emirates,ARE,2020,13
United Arab Emirates,ARE,2021,153
United Kingdom,GBR,1970,1
United Kingdom,GBR,1971,3
United Kingdom,GBR,1972,2
United Kingdom,GBR,1973,5
United Kingdom,GBR,1974,3
United Kingdom,GBR,1975,1
United Kingdom,GBR,1976,1
United Kingdom,GBR,1977,2
United Kingdom,GBR,1980,6
United Kingdom,GBR,1981,12
United Kingdom,GBR,1982,1
United Kingdom,GBR,1983,4
United Kingdom,GBR,1984,5
United Kingdom,GBR,1985,4
United Kingdom,GBR,1986,11
United Kingdom,GBR,1987,2
United Kingdom,GBR,1988,10
United Kingdom,GBR,1989,1
United Kingdom,GBR,1990,6
United Kingdom,GBR,1991,8
United Kingdom,GBR,1992,5
United Kingdom,GBR,1993,13
United Kingdom,GBR,1994,18
United Kingdom,GBR,1995,10
United Kingdom,GBR,1996,13
United Kingdom,GBR,1997,6
United Kingdom,GBR,1998,18
United Kingdom,GBR,2000,33
United Kingdom,GBR,2003,9
United Kingdom,GBR,2004,13
United Kingdom,GBR,2006,49
United Kingdom,GBR,2007,32
United Kingdom,GBR,2008,8
United Kingdom,GBR,2009,16
United Kingdom,GBR,2010,8
United Kingdom,GBR,2011,32
United Kingdom,GBR,2012,17
United Kingdom,GBR,2013,6
United Kingdom,GBR,2014,14
United Kingdom,GBR,2015,15
United Kingdom,GBR,2016,19
United States,USA,1987,6
United States,USA,1988,9
United States,USA,1990,7
United States,USA,1991,26
United States,USA,1992,103
United States,USA,1993,19
United States,USA,1994,47
United States,USA,1995,19
United States,USA,1996,3
United States,USA,1997,4
United States,USA,1998,17
United States,USA,1999,6
United States,USA,2000,4
United States,USA,2001,4
United States,USA,2002,2
United States,USA,2003,2
United States,USA,2004,5
United States,USA,2005,12
United States,USA,2006,8
United States,USA,2007,7
United States,USA,2008,5
United States,USA,2009,10
United States,USA,2010,15
United States,USA,2011,42
United States,USA,2012,18
United States,USA,2013,14
United States,USA,2014,7
United States,USA,2015,4
United States,USA,2016,14
United States,USA,2017,11
United States,USA,2018,10
Uzbekistan,UZB,1994,1
Venezuela,VEN,1991,15
Venezuela,VEN,1992,2842
Venezuela,VEN,1993,409
Venezuela,VEN,1996,269
Venezuela,VEN,1997,2551
Venezuela,VEN,1998,313
Venezuela,VEN,1999,376
Venezuela,VEN,2000,141
Venezuela,VEN,2011,49
Venezuela,VEN,2013,4
Vietnam,VNM,1950,9
Vietnam,VNM,1951,26
Vietnam,VNM,1952,7
Vietnam,VNM,1953,7
Vietnam,VNM,1954,3
Vietnam,VNM,1964,20186
Vietnam,VNM,1965,1738
Vietnam,VNM,1966,8353
Vietnam,VNM,1967,7664
Vietnam,VNM,1968,1097
Vietnam,VNM,1969,2573
Vietnam,VNM,1970,82
Vietnam,VNM,1971,270
Vietnam,VNM,1972,146
Vietnam,VNM,1973,1495
Vietnam,VNM,1974,139
Vietnam,VNM,1975,5
Vietnam,VNM,1976,1068
Vietnam,VNM,1977,32
Vietnam,VNM,1978,2
Vietnam,VNM,1979,365
Vietnam,VNM,1980,978
Vietnam,VNM,1981,157
Vietnam,VNM,1982,57
Vietnam,VNM,1983,392
Vietnam,VNM,1984,22
Vietnam,VNM,1985,502
Vietnam,VNM,1986,525
Vietnam,VNM,1987,216
Vietnam,VNM,1988,343
Vietnam,VNM,1989,143
Vietnam,VNM,1990,358
Vietnam,VNM,1991,52
Vietnam,VNM,1992,4260
Vietnam,VNM,1993,3361
Vietnam,VNM,1994,5776
Vietnam,VNM,1995,6088
Vietnam,VNM,1996,566
Vietnam,VNM,1997,4
Vietnam,VNM,1998,13
Vietnam,VNM,1999,169
Vietnam,VNM,2005,0
Vietnam,VNM,2007,1946
Vietnam,VNM,2008,853
Vietnam,VNM,2009,471
Vietnam,VNM,2010,606
Vietnam,VNM,2011,3
World,OWID_WRL,1949,17
World,OWID_WRL,1950,34665
World,OWID_WRL,1951,114518
World,OWID_WRL,1952,123025
World,OWID_WRL,1953,240927
World,OWID_WRL,1954,37804
World,OWID_WRL,1955,40218
World,OWID_WRL,1956,63542
World,OWID_WRL,1957,63031
World,OWID_WRL,1958,95763
World,OWID_WRL,1959,36138
World,OWID_WRL,1960,38130
World,OWID_WRL,1961,61966
World,OWID_WRL,1962,68727
World,OWID_WRL,1963,59437
World,OWID_WRL,1964,95938
World,OWID_WRL,1965,56609
World,OWID_WRL,1966,31146
World,OWID_WRL,1967,24748
World,OWID_WRL,1968,34164
World,OWID_WRL,1969,36173
World,OWID_WRL,1970,63994
World,OWID_WRL,1971,176058
World,OWID_WRL,1972,80248
World,OWID_WRL,1973,108788
World,OWID_WRL,1974,97635
World,OWID_WRL,1975,93055
World,OWID_WRL,1976,68622
World,OWID_WRL,1977,63276
World,OWID_WRL,1978,77678
World,OWID_WRL,1979,57645
World,OWID_WRL,1980,42776
World,OWID_WRL,1981,51633
World,OWID_WRL,1982,64925
World,OWID_WRL,1983,65251
World,OWID_WRL,1984,29324
World,OWID_WRL,1985,45279
World,OWID_WRL,1986,52738
World,OWID_WRL,1987,56105
World,OWID_WRL,1988,53920
World,OWID_WRL,1989,54108
World,OWID_WRL,1990,74764
World,OWID_WRL,1991,595334
World,OWID_WRL,1992,492964
World,OWID_WRL,1993,380714
World,OWID_WRL,1994,385408
World,OWID_WRL,1995,214802
World,OWID_WRL,1996,144727
World,OWID_WRL,1997,149416
World,OWID_WRL,1998,298764
World,OWID_WRL,1999,263085
World,OWID_WRL,2000,143944
World,OWID_WRL,2001,186112
World,OWID_WRL,2002,142306
World,OWID_WRL,2003,111569
World,OWID_WRL,2004,101381
World,OWID_WRL,2005,131879
World,OWID_WRL,2006,236773
World,OWID_WRL,2007,178678
World,OWID_WRL,2008,190130
World,OWID_WRL,2009,221226
World,OWID_WRL,2010,317528
World,OWID_WRL,2011,589854
World,OWID_WRL,2012,245393
World,OWID_WRL,2013,129067
World,OWID_WRL,2014,190549
World,OWID_WRL,2015,172454
World,OWID_WRL,2016,132118
World,OWID_WRL,2017,1227391
World,OWID_WRL,2018,499447
World,OWID_WRL,2019,923037
World,OWID_WRL,2020,323369
World,OWID_WRL,2021,223370
Yemen,YEM,1971,190
Yemen,YEM,1972,1064
Yemen,YEM,1973,215
Yemen,YEM,1974,6
Yemen,YEM,1975,1
Yemen,YEM,1978,414
Yemen,YEM,1979,1953
Yemen,YEM,1980,720
Yemen,YEM,1992,4
Yemen,YEM,2009,55
Yemen,YEM,2010,300
Yemen,YEM,2011,31789
Yemen,YEM,2016,15751
Yemen,YEM,2017,1032481
Yemen,YEM,2018,371326
Yemen,YEM,2019,861096
Yemen,YEM,2020,275712
Yemen,YEM,2021,72765
Zambia,ZMB,1978,263
Zambia,ZMB,1979,12
Zambia,ZMB,1980,57
Zambia,ZMB,1981,14
Zambia,ZMB,1982,1403
Zambia,ZMB,1983,233
Zambia,ZMB,1989,44
Zambia,ZMB,1990,3717
Zambia,ZMB,1991,13154
Zambia,ZMB,1992,11659
Zambia,ZMB,1993,6766
Zambia,ZMB,1996,2172
Zambia,ZMB,1997,36
Zambia,ZMB,1998,171
Zambia,ZMB,1999,13511
Zambia,ZMB,2000,4504
Zambia,ZMB,2001,3109
Zambia,ZMB,2002,339
Zambia,ZMB,2003,1049
Zambia,ZMB,2004,12149
Zambia,ZMB,2005,1503
Zambia,ZMB,2006,5360
Zambia,ZMB,2007,2286
Zambia,ZMB,2008,2061
Zambia,ZMB,2009,4712
Zambia,ZMB,2010,6794
Zambia,ZMB,2011,330
Zambia,ZMB,2012,198
Zambia,ZMB,2017,1794
Zambia,ZMB,2018,4082
Zambia,ZMB,2019,447
Zimbabwe,ZWE,1973,1
Zimbabwe,ZWE,1974,37
Zimbabwe,ZWE,1975,615
Zimbabwe,ZWE,1976,144
Zimbabwe,ZWE,1985,144
Zimbabwe,ZWE,1986,2
Zimbabwe,ZWE,1992,2048
Zimbabwe,ZWE,1993,5385
Zimbabwe,ZWE,1998,995
Zimbabwe,ZWE,1999,5637
Zimbabwe,ZWE,2000,1675
Zimbabwe,ZWE,2001,650
Zimbabwe,ZWE,2002,3125
Zimbabwe,ZWE,2003,1009
Zimbabwe,ZWE,2004,119
Zimbabwe,ZWE,2005,516
Zimbabwe,ZWE,2006,789
Zimbabwe,ZWE,2007,65
Zimbabwe,ZWE,2008,60055
Zimbabwe,ZWE,2009,68153
Zimbabwe,ZWE,2010,951
Zimbabwe,ZWE,2011,1220
Zimbabwe,ZWE,2012,23
Zimbabwe,ZWE,2015,60
Zimbabwe,ZWE,2016,10
Zimbabwe,ZWE,2018,10692
Zimbabwe,ZWE,2019,61