Entity,Code,Year,Antiretroviral therapy coverage (% of people living with HIV)
Afghanistan,AFG,2000,0
Afghanistan,AFG,2001,0
Afghanistan,AFG,2002,0
Afghanistan,AFG,2003,0
Afghanistan,AFG,2004,0
Afghanistan,AFG,2005,0
Afghanistan,AFG,2006,0
Afghanistan,AFG,2007,0
Afghanistan,AFG,2008,0
Afghanistan,AFG,2009,1
Afghanistan,AFG,2010,1
Afghanistan,AFG,2011,2
Afghanistan,AFG,2012,3
Afghanistan,AFG,2013,4
Afghanistan,AFG,2014,4
Afghanistan,AFG,2015,5
Afghanistan,AFG,2016,7
Afghanistan,AFG,2017,11
Afghanistan,AFG,2018,11
Afghanistan,AFG,2019,11
Afghanistan,AFG,2020,11
Afghanistan,AFG,2021,10
Albania,ALB,2000,0
Albania,ALB,2001,0
Albania,ALB,2002,0
Albania,ALB,2003,0
Albania,ALB,2004,4
Albania,ALB,2005,8
Albania,ALB,2006,9
Albania,ALB,2007,10
Albania,ALB,2008,14
Albania,ALB,2009,16
Albania,ALB,2010,17
Albania,ALB,2011,21
Albania,ALB,2012,26
Albania,ALB,2013,34
Albania,ALB,2014,35
Albania,ALB,2015,39
Albania,ALB,2016,43
Albania,ALB,2017,46
Albania,ALB,2018,45
Albania,ALB,2019,45
Albania,ALB,2020,49
Albania,ALB,2021,53
Algeria,DZA,2000,7
Algeria,DZA,2001,9
Algeria,DZA,2002,10
Algeria,DZA,2003,10
Algeria,DZA,2004,12
Algeria,DZA,2005,15
Algeria,DZA,2006,20
Algeria,DZA,2007,21
Algeria,DZA,2008,22
Algeria,DZA,2009,27
Algeria,DZA,2010,36
Algeria,DZA,2011,40
Algeria,DZA,2012,45
Algeria,DZA,2013,54
Algeria,DZA,2014,62
Algeria,DZA,2015,68
Algeria,DZA,2016,73
Algeria,DZA,2017,75
Algeria,DZA,2018,78
Algeria,DZA,2019,80
Algeria,DZA,2020,80
Algeria,DZA,2021,82
Angola,AGO,2000,0
Angola,AGO,2001,0
Angola,AGO,2002,0
Angola,AGO,2003,0
Angola,AGO,2004,0
Angola,AGO,2005,0
Angola,AGO,2006,2
Angola,AGO,2007,3
Angola,AGO,2008,5
Angola,AGO,2009,7
Angola,AGO,2010,9
Angola,AGO,2011,10
Angola,AGO,2012,12
Angola,AGO,2013,17
Angola,AGO,2014,22
Angola,AGO,2015,24
Angola,AGO,2016,23
Angola,AGO,2017,25
Angola,AGO,2018,28
Angola,AGO,2019,30
Angola,AGO,2020,35
Angola,AGO,2021,41
Argentina,ARG,2000,20
Argentina,ARG,2001,23
Argentina,ARG,2002,27
Argentina,ARG,2003,30
Argentina,ARG,2004,32
Argentina,ARG,2005,35
Argentina,ARG,2006,37
Argentina,ARG,2007,40
Argentina,ARG,2008,42
Argentina,ARG,2009,45
Argentina,ARG,2010,48
Argentina,ARG,2011,50
Argentina,ARG,2012,53
Argentina,ARG,2013,55
Argentina,ARG,2014,57
Argentina,ARG,2015,59
Argentina,ARG,2016,61
Argentina,ARG,2017,63
Argentina,ARG,2018,65
Argentina,ARG,2019,67
Argentina,ARG,2020,69
Argentina,ARG,2021,72
Australia,AUS,2000,53
Australia,AUS,2001,54
Australia,AUS,2002,51
Australia,AUS,2003,50
Australia,AUS,2004,50
Australia,AUS,2005,53
Australia,AUS,2006,55
Australia,AUS,2007,55
Australia,AUS,2008,53
Australia,AUS,2009,53
Australia,AUS,2010,58
Australia,AUS,2011,60
Australia,AUS,2012,63
Australia,AUS,2013,71
Australia,AUS,2014,75
Australia,AUS,2015,78
Australia,AUS,2016,79
Australia,AUS,2017,80
Australia,AUS,2018,81
Australia,AUS,2019,83
Australia,AUS,2020,83
Azerbaijan,AZE,2000,0
Azerbaijan,AZE,2001,0
Azerbaijan,AZE,2002,0
Azerbaijan,AZE,2003,0
Azerbaijan,AZE,2004,0
Azerbaijan,AZE,2006,0
Azerbaijan,AZE,2007,1
Azerbaijan,AZE,2008,2
Azerbaijan,AZE,2009,3
Azerbaijan,AZE,2010,5
Azerbaijan,AZE,2011,9
Azerbaijan,AZE,2012,12
Azerbaijan,AZE,2013,16
Azerbaijan,AZE,2014,17
Azerbaijan,AZE,2015,23
Azerbaijan,AZE,2016,28
Azerbaijan,AZE,2017,36
Azerbaijan,AZE,2018,43
Azerbaijan,AZE,2019,50
Azerbaijan,AZE,2020,55
Azerbaijan,AZE,2021,61
Bahamas,BHS,2000,1
Bahamas,BHS,2001,3
Bahamas,BHS,2002,3
Bahamas,BHS,2003,18
Bahamas,BHS,2004,22
Bahamas,BHS,2005,25
Bahamas,BHS,2006,32
Bahamas,BHS,2007,32
Bahamas,BHS,2008,37
Bahamas,BHS,2009,41
Bahamas,BHS,2010,30
Bahamas,BHS,2011,29
Bahamas,BHS,2012,36
Bahamas,BHS,2013,44
Bahamas,BHS,2014,53
Bahamas,BHS,2015,52
Bahamas,BHS,2016,51
Bahamas,BHS,2017,67
Bahamas,BHS,2018,70
Bahamas,BHS,2019,68
Bahamas,BHS,2020,67
Bahamas,BHS,2021,68
Bahrain,BHR,2000,7
Bahrain,BHR,2001,8
Bahrain,BHR,2002,10
Bahrain,BHR,2003,10
Bahrain,BHR,2004,10
Bahrain,BHR,2005,12
Bahrain,BHR,2006,14
Bahrain,BHR,2007,16
Bahrain,BHR,2008,17
Bahrain,BHR,2009,18
Bahrain,BHR,2010,21
Bahrain,BHR,2011,23
Bahrain,BHR,2012,24
Bahrain,BHR,2013,26
Bahrain,BHR,2014,29
Bahrain,BHR,2015,33
Bahrain,BHR,2016,34
Bahrain,BHR,2017,38
Bahrain,BHR,2018,39
Bahrain,BHR,2019,66
Bahrain,BHR,2020,69
Bahrain,BHR,2021,63
Bangladesh,BGD,2000,0
Bangladesh,BGD,2001,0
Bangladesh,BGD,2002,0
Bangladesh,BGD,2003,0
Bangladesh,BGD,2004,0
Bangladesh,BGD,2005,1
Bangladesh,BGD,2006,1
Bangladesh,BGD,2007,1
Bangladesh,BGD,2008,4
Bangladesh,BGD,2009,5
Bangladesh,BGD,2010,6
Bangladesh,BGD,2011,9
Bangladesh,BGD,2012,10
Bangladesh,BGD,2013,12
Bangladesh,BGD,2014,13
Bangladesh,BGD,2015,14
Bangladesh,BGD,2016,16
Bangladesh,BGD,2017,20
Bangladesh,BGD,2018,24
Bangladesh,BGD,2019,25
Bangladesh,BGD,2020,30
Bangladesh,BGD,2021,31
Barbados,BRB,2000,0
Barbados,BRB,2001,0
Barbados,BRB,2002,4
Barbados,BRB,2003,22
Barbados,BRB,2004,26
Barbados,BRB,2005,28
Barbados,BRB,2006,30
Barbados,BRB,2007,32
Barbados,BRB,2008,35
Barbados,BRB,2009,38
Barbados,BRB,2010,41
Barbados,BRB,2011,42
Barbados,BRB,2012,45
Barbados,BRB,2013,47
Barbados,BRB,2014,48
Barbados,BRB,2015,49
Barbados,BRB,2016,51
Barbados,BRB,2017,54
Barbados,BRB,2018,56
Barbados,BRB,2019,59
Barbados,BRB,2020,59
Barbados,BRB,2021,60
Belarus,BLR,2000,0
Belarus,BLR,2001,0
Belarus,BLR,2002,0
Belarus,BLR,2003,0
Belarus,BLR,2004,1
Belarus,BLR,2005,3
Belarus,BLR,2006,9
Belarus,BLR,2007,10
Belarus,BLR,2008,12
Belarus,BLR,2009,15
Belarus,BLR,2010,19
Belarus,BLR,2011,21
Belarus,BLR,2012,25
Belarus,BLR,2013,28
Belarus,BLR,2014,29
Belarus,BLR,2015,33
Belarus,BLR,2016,36
Belarus,BLR,2017,45
Belarus,BLR,2018,60
Belarus,BLR,2019,66
Belarus,BLR,2020,68
Belarus,BLR,2021,70
Belize,BLZ,2000,1
Belize,BLZ,2001,1
Belize,BLZ,2002,3
Belize,BLZ,2003,7
Belize,BLZ,2004,6
Belize,BLZ,2005,9
Belize,BLZ,2006,11
Belize,BLZ,2007,12
Belize,BLZ,2008,16
Belize,BLZ,2009,22
Belize,BLZ,2010,25
Belize,BLZ,2011,29
Belize,BLZ,2012,31
Belize,BLZ,2013,35
Belize,BLZ,2014,37
Belize,BLZ,2015,40
Belize,BLZ,2016,43
Belize,BLZ,2017,43
Belize,BLZ,2018,46
Belize,BLZ,2019,47
Belize,BLZ,2020,47
Belize,BLZ,2021,48
Benin,BEN,2000,0
Benin,BEN,2001,0
Benin,BEN,2002,0
Benin,BEN,2003,0
Benin,BEN,2004,0
Benin,BEN,2005,0
Benin,BEN,2006,0
Benin,BEN,2007,0
Benin,BEN,2008,19
Benin,BEN,2009,25
Benin,BEN,2010,31
Benin,BEN,2011,38
Benin,BEN,2012,41
Benin,BEN,2013,36
Benin,BEN,2014,41
Benin,BEN,2015,48
Benin,BEN,2016,54
Benin,BEN,2017,54
Benin,BEN,2018,63
Benin,BEN,2019,70
Benin,BEN,2020,76
Benin,BEN,2021,84
Bhutan,BTN,2000,0
Bhutan,BTN,2001,0
Bhutan,BTN,2002,0
Bhutan,BTN,2003,0
Bhutan,BTN,2004,0
Bhutan,BTN,2005,0
Bhutan,BTN,2006,1
Bhutan,BTN,2007,2
Bhutan,BTN,2008,3
Bhutan,BTN,2009,4
Bhutan,BTN,2010,6
Bhutan,BTN,2011,7
Bhutan,BTN,2012,10
Bhutan,BTN,2013,11
Bhutan,BTN,2014,12
Bhutan,BTN,2015,15
Bhutan,BTN,2016,20
Bhutan,BTN,2017,26
Bhutan,BTN,2018,31
Bhutan,BTN,2019,36
Bhutan,BTN,2020,39
Bhutan,BTN,2021,42
Bolivia,BOL,2000,0
Bolivia,BOL,2001,0
Bolivia,BOL,2002,0
Bolivia,BOL,2003,1
Bolivia,BOL,2004,1
Bolivia,BOL,2005,1
Bolivia,BOL,2006,2
Bolivia,BOL,2007,3
Bolivia,BOL,2008,3
Bolivia,BOL,2009,6
Bolivia,BOL,2010,6
Bolivia,BOL,2011,6
Bolivia,BOL,2012,12
Bolivia,BOL,2013,15
Bolivia,BOL,2014,18
Bolivia,BOL,2015,25
Bolivia,BOL,2016,29
Bolivia,BOL,2017,33
Bolivia,BOL,2018,42
Bolivia,BOL,2019,48
Bolivia,BOL,2020,52
Bolivia,BOL,2021,56
Botswana,BWA,2000,0
Botswana,BWA,2001,1
Botswana,BWA,2002,2
Botswana,BWA,2003,6
Botswana,BWA,2004,13
Botswana,BWA,2005,19
Botswana,BWA,2006,25
Botswana,BWA,2007,30
Botswana,BWA,2008,37
Botswana,BWA,2009,44
Botswana,BWA,2010,49
Botswana,BWA,2011,54
Botswana,BWA,2012,61
Botswana,BWA,2013,66
Botswana,BWA,2014,67
Botswana,BWA,2015,73
Botswana,BWA,2016,77
Botswana,BWA,2017,80
Botswana,BWA,2018,85
Botswana,BWA,2019,87
Botswana,BWA,2020,89
Botswana,BWA,2021,92
Brazil,BRA,2000,27
Brazil,BRA,2001,32
Brazil,BRA,2002,36
Brazil,BRA,2003,40
Brazil,BRA,2004,43
Brazil,BRA,2005,46
Brazil,BRA,2006,49
Brazil,BRA,2007,51
Brazil,BRA,2008,52
Brazil,BRA,2009,54
Brazil,BRA,2010,55
Brazil,BRA,2011,57
Brazil,BRA,2012,59
Brazil,BRA,2013,60
Brazil,BRA,2014,62
Brazil,BRA,2015,63
Brazil,BRA,2016,65
Brazil,BRA,2017,67
Brazil,BRA,2018,68
Brazil,BRA,2019,69
Brazil,BRA,2020,71
Brazil,BRA,2021,73
Bulgaria,BGR,2000,6
Bulgaria,BGR,2001,7
Bulgaria,BGR,2002,7
Bulgaria,BGR,2003,10
Bulgaria,BGR,2004,10
Bulgaria,BGR,2005,11
Bulgaria,BGR,2006,12
Bulgaria,BGR,2007,13
Bulgaria,BGR,2008,14
Bulgaria,BGR,2009,17
Bulgaria,BGR,2010,19
Bulgaria,BGR,2011,22
Bulgaria,BGR,2012,25
Bulgaria,BGR,2013,28
Bulgaria,BGR,2014,30
Bulgaria,BGR,2015,33
Bulgaria,BGR,2016,37
Bulgaria,BGR,2017,44
Bulgaria,BGR,2018,51
Bulgaria,BGR,2019,56
Bulgaria,BGR,2020,58
Bulgaria,BGR,2021,60
Burkina Faso,BFA,2000,0
Burkina Faso,BFA,2001,0
Burkina Faso,BFA,2002,0
Burkina Faso,BFA,2003,1
Burkina Faso,BFA,2004,3
Burkina Faso,BFA,2005,7
Burkina Faso,BFA,2006,11
Burkina Faso,BFA,2007,14
Burkina Faso,BFA,2008,19
Burkina Faso,BFA,2009,25
Burkina Faso,BFA,2010,30
Burkina Faso,BFA,2011,35
Burkina Faso,BFA,2012,38
Burkina Faso,BFA,2013,42
Burkina Faso,BFA,2014,47
Burkina Faso,BFA,2015,54
Burkina Faso,BFA,2016,60
Burkina Faso,BFA,2017,68
Burkina Faso,BFA,2018,65
Burkina Faso,BFA,2019,76
Burkina Faso,BFA,2020,78
Burkina Faso,BFA,2021,84
Burundi,BDI,2000,0
Burundi,BDI,2001,0
Burundi,BDI,2002,1
Burundi,BDI,2003,1
Burundi,BDI,2004,3
Burundi,BDI,2005,6
Burundi,BDI,2006,8
Burundi,BDI,2007,11
Burundi,BDI,2008,15
Burundi,BDI,2009,19
Burundi,BDI,2010,25
Burundi,BDI,2011,29
Burundi,BDI,2012,33
Burundi,BDI,2013,38
Burundi,BDI,2014,43
Burundi,BDI,2015,50
Burundi,BDI,2016,63
Burundi,BDI,2017,73
Burundi,BDI,2018,81
Burundi,BDI,2019,89
Burundi,BDI,2020,91
Burundi,BDI,2021,93
Cambodia,KHM,2000,0
Cambodia,KHM,2001,0
Cambodia,KHM,2002,0
Cambodia,KHM,2003,3
Cambodia,KHM,2004,7
Cambodia,KHM,2005,11
Cambodia,KHM,2006,21
Cambodia,KHM,2007,28
Cambodia,KHM,2008,36
Cambodia,KHM,2009,42
Cambodia,KHM,2010,48
Cambodia,KHM,2011,53
Cambodia,KHM,2012,56
Cambodia,KHM,2013,59
Cambodia,KHM,2014,63
Cambodia,KHM,2015,66
Cambodia,KHM,2016,70
Cambodia,KHM,2017,73
Cambodia,KHM,2018,77
Cambodia,KHM,2019,81
Cambodia,KHM,2020,83
Cambodia,KHM,2021,84
Cameroon,CMR,2000,0
Cameroon,CMR,2001,0
Cameroon,CMR,2002,0
Cameroon,CMR,2003,0
Cameroon,CMR,2004,3
Cameroon,CMR,2005,5
Cameroon,CMR,2006,6
Cameroon,CMR,2007,9
Cameroon,CMR,2008,12
Cameroon,CMR,2009,15
Cameroon,CMR,2010,17
Cameroon,CMR,2011,20
Cameroon,CMR,2012,23
Cameroon,CMR,2013,25
Cameroon,CMR,2014,28
Cameroon,CMR,2015,33
Cameroon,CMR,2016,40
Cameroon,CMR,2017,50
Cameroon,CMR,2018,56
Cameroon,CMR,2019,62
Cameroon,CMR,2020,70
Cameroon,CMR,2021,78
Cape Verde,CPV,2000,0
Cape Verde,CPV,2001,0
Cape Verde,CPV,2002,0
Cape Verde,CPV,2003,0
Cape Verde,CPV,2004,1
Cape Verde,CPV,2005,8
Cape Verde,CPV,2006,13
Cape Verde,CPV,2007,19
Cape Verde,CPV,2008,25
Cape Verde,CPV,2009,26
Cape Verde,CPV,2010,32
Cape Verde,CPV,2011,36
Cape Verde,CPV,2012,45
Cape Verde,CPV,2013,50
Cape Verde,CPV,2014,59
Cape Verde,CPV,2015,64
Cape Verde,CPV,2016,74
Cape Verde,CPV,2017,80
Cape Verde,CPV,2018,91
Cape Verde,CPV,2019,97
Cape Verde,CPV,2020,98
Cape Verde,CPV,2021,98
Central African Republic,CAF,2000,0
Central African Republic,CAF,2001,0
Central African Republic,CAF,2002,0
Central African Republic,CAF,2003,0
Central African Republic,CAF,2004,0
Central African Republic,CAF,2005,1
Central African Republic,CAF,2006,2
Central African Republic,CAF,2007,4
Central African Republic,CAF,2008,9
Central African Republic,CAF,2009,10
Central African Republic,CAF,2010,12
Central African Republic,CAF,2011,12
Central African Republic,CAF,2012,15
Central African Republic,CAF,2013,16
Central African Republic,CAF,2014,24
Central African Republic,CAF,2015,29
Central African Republic,CAF,2016,34
Central African Republic,CAF,2017,41
Central African Republic,CAF,2018,45
Central African Republic,CAF,2019,55
Central African Republic,CAF,2020,60
Central African Republic,CAF,2021,67
Chad,TCD,2000,0
Chad,TCD,2001,0
Chad,TCD,2002,0
Chad,TCD,2003,2
Chad,TCD,2004,0
Chad,TCD,2005,2
Chad,TCD,2006,5
Chad,TCD,2007,7
Chad,TCD,2008,17
Chad,TCD,2009,24
Chad,TCD,2010,30
Chad,TCD,2011,30
Chad,TCD,2012,33
Chad,TCD,2013,35
Chad,TCD,2014,38
Chad,TCD,2015,40
Chad,TCD,2016,43
Chad,TCD,2017,46
Chad,TCD,2018,55
Chad,TCD,2019,62
Chad,TCD,2020,70
Chad,TCD,2021,75
Chile,CHL,2000,10
Chile,CHL,2001,12
Chile,CHL,2002,17
Chile,CHL,2003,21
Chile,CHL,2004,22
Chile,CHL,2005,30
Chile,CHL,2006,29
Chile,CHL,2007,31
Chile,CHL,2008,32
Chile,CHL,2009,35
Chile,CHL,2010,37
Chile,CHL,2011,37
Chile,CHL,2012,43
Chile,CHL,2013,48
Chile,CHL,2014,49
Chile,CHL,2015,52
Chile,CHL,2016,56
Chile,CHL,2017,62
Chile,CHL,2018,65
Chile,CHL,2019,67
Chile,CHL,2020,68
Chile,CHL,2021,68
Colombia,COL,2000,1
Colombia,COL,2001,0
Colombia,COL,2002,2
Colombia,COL,2003,3
Colombia,COL,2004,5
Colombia,COL,2005,6
Colombia,COL,2006,8
Colombia,COL,2007,14
Colombia,COL,2008,11
Colombia,COL,2009,12
Colombia,COL,2010,13
Colombia,COL,2011,19
Colombia,COL,2012,26
Colombia,COL,2013,30
Colombia,COL,2014,35
Colombia,COL,2015,41
Colombia,COL,2016,47
Colombia,COL,2017,51
Colombia,COL,2018,50
Colombia,COL,2019,57
Colombia,COL,2020,69
Colombia,COL,2021,74
Comoros,COM,2000,0
Comoros,COM,2001,0
Comoros,COM,2002,0
Comoros,COM,2003,0
Comoros,COM,2004,0
Comoros,COM,2005,0
Comoros,COM,2006,0
Comoros,COM,2007,0
Comoros,COM,2008,0
Comoros,COM,2009,0
Comoros,COM,2010,13
Comoros,COM,2011,15
Comoros,COM,2012,18
Comoros,COM,2013,20
Comoros,COM,2014,22
Comoros,COM,2015,29
Comoros,COM,2016,31
Comoros,COM,2017,35
Comoros,COM,2018,42
Comoros,COM,2019,53
Comoros,COM,2020,58
Comoros,COM,2021,61
Congo,COG,2000,0
Congo,COG,2001,0
Congo,COG,2002,0
Congo,COG,2003,1
Congo,COG,2004,1
Congo,COG,2005,3
Congo,COG,2006,4
Congo,COG,2007,6
Congo,COG,2008,11
Congo,COG,2009,14
Congo,COG,2010,16
Congo,COG,2011,18
Congo,COG,2012,18
Congo,COG,2013,20
Congo,COG,2014,19
Congo,COG,2015,20
Congo,COG,2016,21
Congo,COG,2017,21
Congo,COG,2018,22
Congo,COG,2019,22
Congo,COG,2020,22
Congo,COG,2021,23
Costa Rica,CRI,2000,9
Costa Rica,CRI,2001,11
Costa Rica,CRI,2002,14
Costa Rica,CRI,2003,16
Costa Rica,CRI,2004,18
Costa Rica,CRI,2005,20
Costa Rica,CRI,2006,22
Costa Rica,CRI,2007,23
Costa Rica,CRI,2008,25
Costa Rica,CRI,2009,26
Costa Rica,CRI,2010,39
Costa Rica,CRI,2011,40
Costa Rica,CRI,2012,40
Costa Rica,CRI,2013,40
Costa Rica,CRI,2014,41
Costa Rica,CRI,2015,47
Costa Rica,CRI,2016,49
Costa Rica,CRI,2017,52
Costa Rica,CRI,2018,57
Costa Rica,CRI,2019,60
Costa Rica,CRI,2020,58
Costa Rica,CRI,2021,66
Cote d'Ivoire,CIV,2000,0
Cote d'Ivoire,CIV,2001,0
Cote d'Ivoire,CIV,2002,0
Cote d'Ivoire,CIV,2003,1
Cote d'Ivoire,CIV,2004,1
Cote d'Ivoire,CIV,2005,3
Cote d'Ivoire,CIV,2006,5
Cote d'Ivoire,CIV,2007,7
Cote d'Ivoire,CIV,2008,10
Cote d'Ivoire,CIV,2009,15
Cote d'Ivoire,CIV,2010,16
Cote d'Ivoire,CIV,2011,20
Cote d'Ivoire,CIV,2012,23
Cote d'Ivoire,CIV,2013,27
Cote d'Ivoire,CIV,2014,31
Cote d'Ivoire,CIV,2015,36
Cote d'Ivoire,CIV,2016,44
Cote d'Ivoire,CIV,2017,55
Cote d'Ivoire,CIV,2018,62
Cote d'Ivoire,CIV,2019,68
Cote d'Ivoire,CIV,2020,73
Cote d'Ivoire,CIV,2021,76
Croatia,HRV,2000,27
Croatia,HRV,2001,29
Croatia,HRV,2002,31
Croatia,HRV,2003,32
Croatia,HRV,2004,33
Croatia,HRV,2005,35
Croatia,HRV,2006,37
Croatia,HRV,2007,39
Croatia,HRV,2008,42
Croatia,HRV,2009,44
Croatia,HRV,2010,48
Croatia,HRV,2011,51
Croatia,HRV,2012,54
Croatia,HRV,2013,57
Croatia,HRV,2014,61
Croatia,HRV,2015,67
Croatia,HRV,2016,71
Croatia,HRV,2017,74
Croatia,HRV,2018,75
Croatia,HRV,2019,78
Croatia,HRV,2020,77
Croatia,HRV,2021,77
Cuba,CUB,2000,0
Cuba,CUB,2001,3
Cuba,CUB,2002,6
Cuba,CUB,2003,8
Cuba,CUB,2004,10
Cuba,CUB,2005,12
Cuba,CUB,2006,15
Cuba,CUB,2007,18
Cuba,CUB,2008,22
Cuba,CUB,2009,26
Cuba,CUB,2010,30
Cuba,CUB,2011,35
Cuba,CUB,2012,38
Cuba,CUB,2013,42
Cuba,CUB,2014,49
Cuba,CUB,2015,57
Cuba,CUB,2016,61
Cuba,CUB,2017,65
Cuba,CUB,2018,70
Cuba,CUB,2019,74
Cuba,CUB,2020,72
Cuba,CUB,2021,72
Cyprus,CYP,2000,0
Cyprus,CYP,2001,5
Cyprus,CYP,2002,10
Cyprus,CYP,2003,14
Cyprus,CYP,2004,17
Cyprus,CYP,2005,20
Cyprus,CYP,2006,22
Cyprus,CYP,2007,23
Cyprus,CYP,2008,24
Cyprus,CYP,2009,25
Cyprus,CYP,2010,29
Cyprus,CYP,2011,32
Cyprus,CYP,2012,38
Cyprus,CYP,2013,43
Cyprus,CYP,2014,47
Cyprus,CYP,2015,53
Cyprus,CYP,2016,59
Cyprus,CYP,2017,63
Cyprus,CYP,2018,68
Cyprus,CYP,2019,76
Cyprus,CYP,2020,81
Democratic Republic of Congo,COD,2000,0
Democratic Republic of Congo,COD,2001,0
Democratic Republic of Congo,COD,2002,0
Democratic Republic of Congo,COD,2003,0
Democratic Republic of Congo,COD,2004,1
Democratic Republic of Congo,COD,2005,1
Democratic Republic of Congo,COD,2006,3
Democratic Republic of Congo,COD,2007,4
Democratic Republic of Congo,COD,2008,4
Democratic Republic of Congo,COD,2009,6
Democratic Republic of Congo,COD,2010,8
Democratic Republic of Congo,COD,2011,10
Democratic Republic of Congo,COD,2012,12
Democratic Republic of Congo,COD,2013,15
Democratic Republic of Congo,COD,2014,19
Democratic Republic of Congo,COD,2015,23
Democratic Republic of Congo,COD,2016,30
Democratic Republic of Congo,COD,2017,41
Democratic Republic of Congo,COD,2018,48
Democratic Republic of Congo,COD,2019,60
Democratic Republic of Congo,COD,2020,70
Democratic Republic of Congo,COD,2021,82
Denmark,DNK,2000,45
Denmark,DNK,2001,46
Denmark,DNK,2002,48
Denmark,DNK,2003,49
Denmark,DNK,2004,51
Denmark,DNK,2005,51
Denmark,DNK,2006,53
Denmark,DNK,2007,54
Denmark,DNK,2008,58
Denmark,DNK,2009,61
Denmark,DNK,2010,65
Denmark,DNK,2011,68
Denmark,DNK,2012,71
Denmark,DNK,2013,70
Denmark,DNK,2014,76
Denmark,DNK,2015,79
Denmark,DNK,2016,81
Denmark,DNK,2017,84
Denmark,DNK,2018,86
Denmark,DNK,2019,86
Denmark,DNK,2020,87
Djibouti,DJI,2000,0
Djibouti,DJI,2001,0
Djibouti,DJI,2002,0
Djibouti,DJI,2004,1
Djibouti,DJI,2005,2
Djibouti,DJI,2006,4
Djibouti,DJI,2007,6
Djibouti,DJI,2008,7
Djibouti,DJI,2009,8
Djibouti,DJI,2010,9
Djibouti,DJI,2011,11
Djibouti,DJI,2012,14
Djibouti,DJI,2013,16
Djibouti,DJI,2014,19
Djibouti,DJI,2015,25
Djibouti,DJI,2016,30
Djibouti,DJI,2017,34
Djibouti,DJI,2018,39
Djibouti,DJI,2019,29
Djibouti,DJI,2020,33
Djibouti,DJI,2021,31
Dominican Republic,DOM,2000,0
Dominican Republic,DOM,2001,0
Dominican Republic,DOM,2002,0
Dominican Republic,DOM,2003,0
Dominican Republic,DOM,2004,1
Dominican Republic,DOM,2005,3
Dominican Republic,DOM,2006,5
Dominican Republic,DOM,2007,9
Dominican Republic,DOM,2008,13
Dominican Republic,DOM,2009,16
Dominican Republic,DOM,2010,20
Dominican Republic,DOM,2011,23
Dominican Republic,DOM,2012,26
Dominican Republic,DOM,2013,28
Dominican Republic,DOM,2014,31
Dominican Republic,DOM,2015,34
Dominican Republic,DOM,2016,36
Dominican Republic,DOM,2017,39
Dominican Republic,DOM,2018,43
Dominican Republic,DOM,2019,45
Dominican Republic,DOM,2020,49
Dominican Republic,DOM,2021,55
East Timor,TLS,2000,0
East Timor,TLS,2001,0
East Timor,TLS,2002,0
East Timor,TLS,2003,0
East Timor,TLS,2004,0
East Timor,TLS,2005,0
East Timor,TLS,2006,1
East Timor,TLS,2007,1
East Timor,TLS,2008,7
East Timor,TLS,2009,7
East Timor,TLS,2010,10
East Timor,TLS,2011,9
East Timor,TLS,2012,13
East Timor,TLS,2013,19
East Timor,TLS,2014,22
East Timor,TLS,2015,22
East Timor,TLS,2016,26
East Timor,TLS,2017,27
East Timor,TLS,2018,33
East Timor,TLS,2019,42
East Timor,TLS,2020,47
East Timor,TLS,2021,55
Ecuador,ECU,2000,2
Ecuador,ECU,2001,2
Ecuador,ECU,2002,2
Ecuador,ECU,2003,2
Ecuador,ECU,2004,3
Ecuador,ECU,2005,5
Ecuador,ECU,2006,7
Ecuador,ECU,2007,10
Ecuador,ECU,2008,15
Ecuador,ECU,2009,19
Ecuador,ECU,2010,24
Ecuador,ECU,2011,28
Ecuador,ECU,2012,29
Ecuador,ECU,2013,32
Ecuador,ECU,2014,35
Ecuador,ECU,2015,42
Ecuador,ECU,2016,47
Ecuador,ECU,2017,53
Ecuador,ECU,2018,59
Ecuador,ECU,2019,70
Ecuador,ECU,2020,74
Ecuador,ECU,2021,74
Egypt,EGY,2000,0
Egypt,EGY,2001,0
Egypt,EGY,2002,0
Egypt,EGY,2003,0
Egypt,EGY,2004,0
Egypt,EGY,2005,0
Egypt,EGY,2006,5
Egypt,EGY,2007,4
Egypt,EGY,2008,5
Egypt,EGY,2009,6
Egypt,EGY,2010,8
Egypt,EGY,2011,9
Egypt,EGY,2012,10
Egypt,EGY,2013,11
Egypt,EGY,2014,14
Egypt,EGY,2015,15
Egypt,EGY,2016,19
Egypt,EGY,2017,25
Egypt,EGY,2018,31
Egypt,EGY,2019,35
Egypt,EGY,2020,38
Egypt,EGY,2021,40
El Salvador,SLV,2000,0
El Salvador,SLV,2001,0
El Salvador,SLV,2002,1
El Salvador,SLV,2003,3
El Salvador,SLV,2004,7
El Salvador,SLV,2005,13
El Salvador,SLV,2006,18
El Salvador,SLV,2007,23
El Salvador,SLV,2008,27
El Salvador,SLV,2009,33
El Salvador,SLV,2010,38
El Salvador,SLV,2011,39
El Salvador,SLV,2012,40
El Salvador,SLV,2013,43
El Salvador,SLV,2014,44
El Salvador,SLV,2015,45
El Salvador,SLV,2016,48
El Salvador,SLV,2017,48
El Salvador,SLV,2018,48
El Salvador,SLV,2019,54
El Salvador,SLV,2020,56
El Salvador,SLV,2021,59
Equatorial Guinea,GNQ,2000,0
Equatorial Guinea,GNQ,2001,0
Equatorial Guinea,GNQ,2002,0
Equatorial Guinea,GNQ,2003,0
Equatorial Guinea,GNQ,2004,1
Equatorial Guinea,GNQ,2005,2
Equatorial Guinea,GNQ,2006,3
Equatorial Guinea,GNQ,2007,6
Equatorial Guinea,GNQ,2008,7
Equatorial Guinea,GNQ,2009,11
Equatorial Guinea,GNQ,2010,7
Equatorial Guinea,GNQ,2011,10
Equatorial Guinea,GNQ,2012,15
Equatorial Guinea,GNQ,2013,25
Equatorial Guinea,GNQ,2014,24
Equatorial Guinea,GNQ,2015,22
Equatorial Guinea,GNQ,2016,28
Equatorial Guinea,GNQ,2017,37
Equatorial Guinea,GNQ,2018,36
Equatorial Guinea,GNQ,2019,37
Equatorial Guinea,GNQ,2020,40
Equatorial Guinea,GNQ,2021,41
Eritrea,ERI,2000,0
Eritrea,ERI,2001,0
Eritrea,ERI,2002,0
Eritrea,ERI,2003,0
Eritrea,ERI,2004,0
Eritrea,ERI,2005,2
Eritrea,ERI,2006,6
Eritrea,ERI,2007,12
Eritrea,ERI,2008,17
Eritrea,ERI,2009,22
Eritrea,ERI,2010,29
Eritrea,ERI,2011,35
Eritrea,ERI,2012,41
Eritrea,ERI,2013,47
Eritrea,ERI,2014,54
Eritrea,ERI,2015,60
Eritrea,ERI,2016,63
Eritrea,ERI,2017,65
Eritrea,ERI,2018,68
Eritrea,ERI,2019,68
Eritrea,ERI,2020,72
Eritrea,ERI,2021,71
Eswatini,SWZ,2000,0
Eswatini,SWZ,2001,1
Eswatini,SWZ,2002,2
Eswatini,SWZ,2003,2
Eswatini,SWZ,2004,4
Eswatini,SWZ,2005,7
Eswatini,SWZ,2006,11
Eswatini,SWZ,2007,15
Eswatini,SWZ,2008,19
Eswatini,SWZ,2009,24
Eswatini,SWZ,2010,34
Eswatini,SWZ,2011,37
Eswatini,SWZ,2012,42
Eswatini,SWZ,2013,48
Eswatini,SWZ,2014,57
Eswatini,SWZ,2015,66
Eswatini,SWZ,2016,75
Eswatini,SWZ,2017,82
Eswatini,SWZ,2018,83
Eswatini,SWZ,2019,89
Eswatini,SWZ,2020,94
Eswatini,SWZ,2021,91
Ethiopia,ETH,2000,0
Ethiopia,ETH,2001,0
Ethiopia,ETH,2002,0
Ethiopia,ETH,2003,0
Ethiopia,ETH,2004,1
Ethiopia,ETH,2005,3
Ethiopia,ETH,2006,7
Ethiopia,ETH,2007,14
Ethiopia,ETH,2008,20
Ethiopia,ETH,2009,28
Ethiopia,ETH,2010,35
Ethiopia,ETH,2011,42
Ethiopia,ETH,2012,45
Ethiopia,ETH,2013,50
Ethiopia,ETH,2014,57
Ethiopia,ETH,2015,61
Ethiopia,ETH,2016,67
Ethiopia,ETH,2017,70
Ethiopia,ETH,2018,72
Ethiopia,ETH,2019,76
Ethiopia,ETH,2020,78
Ethiopia,ETH,2021,78
Fiji,FJI,2000,0
Fiji,FJI,2001,0
Fiji,FJI,2002,0
Fiji,FJI,2003,0
Fiji,FJI,2004,6
Fiji,FJI,2005,9
Fiji,FJI,2006,11
Fiji,FJI,2007,13
Fiji,FJI,2008,15
Fiji,FJI,2009,17
Fiji,FJI,2010,18
Fiji,FJI,2011,19
Fiji,FJI,2012,28
Fiji,FJI,2013,26
Fiji,FJI,2014,27
Fiji,FJI,2015,26
Fiji,FJI,2016,25
Fiji,FJI,2017,28
Fiji,FJI,2018,33
Fiji,FJI,2019,37
Fiji,FJI,2020,39
Fiji,FJI,2021,45
France,FRA,2000,73
France,FRA,2001,74
France,FRA,2002,74
France,FRA,2003,74
France,FRA,2004,74
France,FRA,2005,75
France,FRA,2006,75
France,FRA,2007,75
France,FRA,2008,76
France,FRA,2009,76
France,FRA,2010,76
France,FRA,2011,76
France,FRA,2012,77
France,FRA,2013,77
France,FRA,2014,78
France,FRA,2015,79
France,FRA,2016,79
France,FRA,2017,81
France,FRA,2018,82
France,FRA,2019,82
France,FRA,2020,85
Gabon,GAB,2000,0
Gabon,GAB,2001,0
Gabon,GAB,2002,1
Gabon,GAB,2003,2
Gabon,GAB,2004,5
Gabon,GAB,2005,11
Gabon,GAB,2006,12
Gabon,GAB,2007,14
Gabon,GAB,2008,17
Gabon,GAB,2009,22
Gabon,GAB,2010,24
Gabon,GAB,2011,27
Gabon,GAB,2012,31
Gabon,GAB,2013,41
Gabon,GAB,2014,43
Gabon,GAB,2015,44
Gabon,GAB,2016,45
Gabon,GAB,2017,46
Gabon,GAB,2018,48
Gabon,GAB,2019,50
Gabon,GAB,2020,51
Gabon,GAB,2021,54
Gambia,GMB,2000,0
Gambia,GMB,2001,0
Gambia,GMB,2002,0
Gambia,GMB,2003,0
Gambia,GMB,2004,0
Gambia,GMB,2005,2
Gambia,GMB,2006,2
Gambia,GMB,2007,3
Gambia,GMB,2008,5
Gambia,GMB,2009,6
Gambia,GMB,2010,10
Gambia,GMB,2011,15
Gambia,GMB,2012,18
Gambia,GMB,2013,18
Gambia,GMB,2014,20
Gambia,GMB,2015,22
Gambia,GMB,2016,25
Gambia,GMB,2017,28
Gambia,GMB,2018,30
Gambia,GMB,2019,33
Gambia,GMB,2020,32
Gambia,GMB,2021,33
Georgia,GEO,2000,0
Georgia,GEO,2001,0
Georgia,GEO,2002,0
Georgia,GEO,2003,0
Georgia,GEO,2004,6
Georgia,GEO,2005,14
Georgia,GEO,2006,19
Georgia,GEO,2007,20
Georgia,GEO,2008,23
Georgia,GEO,2009,26
Georgia,GEO,2010,28
Georgia,GEO,2011,32
Georgia,GEO,2012,43
Georgia,GEO,2013,47
Georgia,GEO,2014,52
Georgia,GEO,2015,57
Georgia,GEO,2016,62
Georgia,GEO,2017,66
Georgia,GEO,2018,68
Georgia,GEO,2019,71
Georgia,GEO,2020,71
Georgia,GEO,2021,71
Ghana,GHA,2000,0
Ghana,GHA,2001,0
Ghana,GHA,2002,0
Ghana,GHA,2003,0
Ghana,GHA,2004,1
Ghana,GHA,2005,1
Ghana,GHA,2006,2
Ghana,GHA,2007,4
Ghana,GHA,2008,7
Ghana,GHA,2009,10
Ghana,GHA,2010,13
Ghana,GHA,2011,19
Ghana,GHA,2012,23
Ghana,GHA,2013,24
Ghana,GHA,2014,27
Ghana,GHA,2015,26
Ghana,GHA,2016,29
Ghana,GHA,2017,31
Ghana,GHA,2018,34
Ghana,GHA,2019,46
Ghana,GHA,2020,61
Ghana,GHA,2021,71
Greece,GRC,2000,47
Greece,GRC,2001,47
Greece,GRC,2002,47
Greece,GRC,2003,46
Greece,GRC,2004,46
Greece,GRC,2005,46
Greece,GRC,2006,45
Greece,GRC,2007,45
Greece,GRC,2008,45
Greece,GRC,2009,45
Greece,GRC,2010,44
Greece,GRC,2011,45
Greece,GRC,2012,46
Greece,GRC,2013,49
Greece,GRC,2014,52
Greece,GRC,2015,56
Greece,GRC,2016,60
Greece,GRC,2017,63
Greece,GRC,2018,67
Greece,GRC,2019,69
Greece,GRC,2020,70
Greece,GRC,2021,70
Guatemala,GTM,2000,0
Guatemala,GTM,2001,0
Guatemala,GTM,2002,0
Guatemala,GTM,2003,8
Guatemala,GTM,2004,8
Guatemala,GTM,2005,9
Guatemala,GTM,2006,13
Guatemala,GTM,2007,20
Guatemala,GTM,2008,26
Guatemala,GTM,2009,29
Guatemala,GTM,2010,33
Guatemala,GTM,2011,38
Guatemala,GTM,2012,43
Guatemala,GTM,2013,48
Guatemala,GTM,2014,50
Guatemala,GTM,2015,50
Guatemala,GTM,2016,52
Guatemala,GTM,2017,57
Guatemala,GTM,2018,64
Guatemala,GTM,2019,68
Guatemala,GTM,2020,69
Guatemala,GTM,2021,73
Guinea,GIN,2000,0
Guinea,GIN,2001,0
Guinea,GIN,2002,0
Guinea,GIN,2003,1
Guinea,GIN,2004,1
Guinea,GIN,2005,2
Guinea,GIN,2006,5
Guinea,GIN,2007,6
Guinea,GIN,2008,10
Guinea,GIN,2009,15
Guinea,GIN,2010,20
Guinea,GIN,2011,23
Guinea,GIN,2012,27
Guinea,GIN,2013,27
Guinea,GIN,2014,30
Guinea,GIN,2015,31
Guinea,GIN,2016,33
Guinea,GIN,2017,36
Guinea,GIN,2018,41
Guinea,GIN,2019,49
Guinea,GIN,2020,46
Guinea,GIN,2021,52
Guinea-Bissau,GNB,2000,0
Guinea-Bissau,GNB,2001,0
Guinea-Bissau,GNB,2002,0
Guinea-Bissau,GNB,2003,0
Guinea-Bissau,GNB,2004,0
Guinea-Bissau,GNB,2005,0
Guinea-Bissau,GNB,2006,1
Guinea-Bissau,GNB,2007,3
Guinea-Bissau,GNB,2008,6
Guinea-Bissau,GNB,2009,8
Guinea-Bissau,GNB,2010,11
Guinea-Bissau,GNB,2011,14
Guinea-Bissau,GNB,2012,17
Guinea-Bissau,GNB,2013,18
Guinea-Bissau,GNB,2014,21
Guinea-Bissau,GNB,2015,25
Guinea-Bissau,GNB,2016,30
Guinea-Bissau,GNB,2017,31
Guinea-Bissau,GNB,2018,38
Guinea-Bissau,GNB,2019,42
Guinea-Bissau,GNB,2020,44
Guinea-Bissau,GNB,2021,45
Guyana,GUY,2000,0
Guyana,GUY,2001,0
Guyana,GUY,2002,0
Guyana,GUY,2003,3
Guyana,GUY,2004,10
Guyana,GUY,2005,23
Guyana,GUY,2006,29
Guyana,GUY,2007,33
Guyana,GUY,2008,39
Guyana,GUY,2009,43
Guyana,GUY,2010,44
Guyana,GUY,2011,47
Guyana,GUY,2012,50
Guyana,GUY,2013,52
Guyana,GUY,2014,54
Guyana,GUY,2015,55
Guyana,GUY,2016,58
Guyana,GUY,2017,60
Guyana,GUY,2018,62
Guyana,GUY,2019,65
Guyana,GUY,2020,62
Guyana,GUY,2021,63
Haiti,HTI,2000,0
Haiti,HTI,2001,0
Haiti,HTI,2002,1
Haiti,HTI,2003,1
Haiti,HTI,2004,1
Haiti,HTI,2005,3
Haiti,HTI,2006,7
Haiti,HTI,2007,11
Haiti,HTI,2008,15
Haiti,HTI,2009,20
Haiti,HTI,2010,22
Haiti,HTI,2011,26
Haiti,HTI,2012,32
Haiti,HTI,2013,40
Haiti,HTI,2014,45
Haiti,HTI,2015,49
Haiti,HTI,2016,59
Haiti,HTI,2017,65
Haiti,HTI,2018,63
Haiti,HTI,2019,74
Haiti,HTI,2020,82
Haiti,HTI,2021,85
Honduras,HND,2000,0
Honduras,HND,2001,0
Honduras,HND,2002,1
Honduras,HND,2003,6
Honduras,HND,2004,8
Honduras,HND,2005,12
Honduras,HND,2006,15
Honduras,HND,2007,19
Honduras,HND,2008,22
Honduras,HND,2009,26
Honduras,HND,2010,29
Honduras,HND,2011,32
Honduras,HND,2012,36
Honduras,HND,2013,39
Honduras,HND,2014,42
Honduras,HND,2015,45
Honduras,HND,2016,47
Honduras,HND,2017,51
Honduras,HND,2018,52
Honduras,HND,2019,53
Honduras,HND,2020,54
Honduras,HND,2021,56
Iceland,ISL,2000,44
Iceland,ISL,2001,53
Iceland,ISL,2002,61
Iceland,ISL,2003,67
Iceland,ISL,2004,72
Iceland,ISL,2005,76
Iceland,ISL,2006,77
Iceland,ISL,2007,79
Iceland,ISL,2008,78
Iceland,ISL,2009,79
Iceland,ISL,2010,78
Iceland,ISL,2011,77
Iceland,ISL,2012,77
Iceland,ISL,2013,76
Iceland,ISL,2014,76
Iceland,ISL,2015,76
Iceland,ISL,2016,75
Iceland,ISL,2017,81
Iceland,ISL,2018,87
Iceland,ISL,2019,88
Iceland,ISL,2020,91
India,IND,2000,0
India,IND,2001,0
India,IND,2002,0
India,IND,2003,0
India,IND,2004,0
India,IND,2005,1
India,IND,2006,2
India,IND,2007,4
India,IND,2008,8
India,IND,2009,11
India,IND,2010,15
India,IND,2011,19
India,IND,2012,24
India,IND,2013,30
India,IND,2014,34
India,IND,2015,38
India,IND,2016,43
India,IND,2017,47
India,IND,2018,55
India,IND,2019,62
India,IND,2020,62
India,IND,2021,65
Indonesia,IDN,2000,0
Indonesia,IDN,2001,0
Indonesia,IDN,2002,0
Indonesia,IDN,2003,0
Indonesia,IDN,2004,0
Indonesia,IDN,2005,0
Indonesia,IDN,2006,2
Indonesia,IDN,2007,3
Indonesia,IDN,2008,3
Indonesia,IDN,2009,4
Indonesia,IDN,2010,5
Indonesia,IDN,2011,6
Indonesia,IDN,2012,7
Indonesia,IDN,2013,8
Indonesia,IDN,2014,10
Indonesia,IDN,2015,12
Indonesia,IDN,2016,15
Indonesia,IDN,2017,17
Indonesia,IDN,2018,20
Indonesia,IDN,2019,23
Indonesia,IDN,2020,26
Indonesia,IDN,2021,28
Iran,IRN,2000,0
Iran,IRN,2001,0
Iran,IRN,2002,0
Iran,IRN,2003,0
Iran,IRN,2004,0
Iran,IRN,2005,0
Iran,IRN,2006,1
Iran,IRN,2007,1
Iran,IRN,2008,1
Iran,IRN,2009,2
Iran,IRN,2010,2
Iran,IRN,2011,3
Iran,IRN,2012,5
Iran,IRN,2013,6
Iran,IRN,2014,8
Iran,IRN,2015,11
Iran,IRN,2016,15
Iran,IRN,2017,19
Iran,IRN,2018,23
Iran,IRN,2019,27
Iran,IRN,2020,28
Iran,IRN,2021,30
Ireland,IRL,2000,54
Ireland,IRL,2001,58
Ireland,IRL,2002,61
Ireland,IRL,2003,62
Ireland,IRL,2004,63
Ireland,IRL,2005,63
Ireland,IRL,2006,63
Ireland,IRL,2007,63
Ireland,IRL,2008,62
Ireland,IRL,2009,62
Ireland,IRL,2010,61
Ireland,IRL,2011,64
Ireland,IRL,2012,67
Ireland,IRL,2013,70
Ireland,IRL,2014,72
Ireland,IRL,2015,73
Ireland,IRL,2016,74
Ireland,IRL,2017,74
Ireland,IRL,2018,76
Ireland,IRL,2019,78
Italy,ITA,2000,28
Italy,ITA,2001,33
Italy,ITA,2002,38
Italy,ITA,2003,42
Italy,ITA,2004,45
Italy,ITA,2005,48
Italy,ITA,2006,52
Italy,ITA,2007,55
Italy,ITA,2008,57
Italy,ITA,2009,60
Italy,ITA,2010,62
Italy,ITA,2011,65
Italy,ITA,2012,67
Italy,ITA,2013,69
Italy,ITA,2014,70
Italy,ITA,2015,72
Italy,ITA,2016,73
Italy,ITA,2017,79
Italy,ITA,2018,83
Italy,ITA,2019,87
Jamaica,JAM,2000,0
Jamaica,JAM,2001,0
Jamaica,JAM,2002,0
Jamaica,JAM,2003,0
Jamaica,JAM,2004,1
Jamaica,JAM,2005,6
Jamaica,JAM,2006,8
Jamaica,JAM,2007,12
Jamaica,JAM,2008,15
Jamaica,JAM,2009,21
Jamaica,JAM,2010,23
Jamaica,JAM,2011,25
Jamaica,JAM,2012,28
Jamaica,JAM,2013,32
Jamaica,JAM,2014,34
Jamaica,JAM,2015,36
Jamaica,JAM,2016,39
Jamaica,JAM,2017,42
Jamaica,JAM,2018,44
Jamaica,JAM,2019,49
Jamaica,JAM,2020,44
Jamaica,JAM,2021,47
Kazakhstan,KAZ,2000,0
Kazakhstan,KAZ,2001,0
Kazakhstan,KAZ,2002,0
Kazakhstan,KAZ,2003,1
Kazakhstan,KAZ,2004,1
Kazakhstan,KAZ,2005,5
Kazakhstan,KAZ,2006,5
Kazakhstan,KAZ,2007,6
Kazakhstan,KAZ,2008,7
Kazakhstan,KAZ,2009,10
Kazakhstan,KAZ,2010,12
Kazakhstan,KAZ,2011,15
Kazakhstan,KAZ,2012,19
Kazakhstan,KAZ,2013,23
Kazakhstan,KAZ,2014,26
Kazakhstan,KAZ,2015,32
Kazakhstan,KAZ,2016,36
Kazakhstan,KAZ,2017,46
Kazakhstan,KAZ,2018,56
Kazakhstan,KAZ,2019,60
Kazakhstan,KAZ,2020,63
Kazakhstan,KAZ,2021,64
Kenya,KEN,2000,0
Kenya,KEN,2001,0
Kenya,KEN,2002,0
Kenya,KEN,2003,0
Kenya,KEN,2004,2
Kenya,KEN,2005,4
Kenya,KEN,2006,9
Kenya,KEN,2007,13
Kenya,KEN,2008,18
Kenya,KEN,2009,25
Kenya,KEN,2010,31
Kenya,KEN,2011,38
Kenya,KEN,2012,43
Kenya,KEN,2013,46
Kenya,KEN,2014,53
Kenya,KEN,2015,63
Kenya,KEN,2016,72
Kenya,KEN,2017,78
Kenya,KEN,2018,76
Kenya,KEN,2019,77
Kenya,KEN,2020,78
Kenya,KEN,2021,78
Kyrgyzstan,KGZ,2000,0
Kyrgyzstan,KGZ,2001,0
Kyrgyzstan,KGZ,2002,0
Kyrgyzstan,KGZ,2003,0
Kyrgyzstan,KGZ,2004,0
Kyrgyzstan,KGZ,2005,2
Kyrgyzstan,KGZ,2006,2
Kyrgyzstan,KGZ,2007,3
Kyrgyzstan,KGZ,2008,4
Kyrgyzstan,KGZ,2009,5
Kyrgyzstan,KGZ,2010,7
Kyrgyzstan,KGZ,2011,8
Kyrgyzstan,KGZ,2012,10
Kyrgyzstan,KGZ,2013,17
Kyrgyzstan,KGZ,2014,23
Kyrgyzstan,KGZ,2015,27
Kyrgyzstan,KGZ,2016,33
Kyrgyzstan,KGZ,2017,38
Kyrgyzstan,KGZ,2018,42
Kyrgyzstan,KGZ,2019,44
Kyrgyzstan,KGZ,2020,46
Kyrgyzstan,KGZ,2021,50
Laos,LAO,2000,0
Laos,LAO,2001,0
Laos,LAO,2003,1
Laos,LAO,2004,4
Laos,LAO,2005,6
Laos,LAO,2006,9
Laos,LAO,2007,11
Laos,LAO,2008,15
Laos,LAO,2009,18
Laos,LAO,2010,19
Laos,LAO,2011,21
Laos,LAO,2012,23
Laos,LAO,2013,25
Laos,LAO,2014,29
Laos,LAO,2015,32
Laos,LAO,2016,36
Laos,LAO,2017,42
Laos,LAO,2018,47
Laos,LAO,2019,51
Laos,LAO,2020,55
Latin America and Caribbean (WB),,2000,10.471933
Latin America and Caribbean (WB),,2001,12.782376
Latin America and Caribbean (WB),,2002,15.414937
Latin America and Caribbean (WB),,2003,18.608906
Latin America and Caribbean (WB),,2004,20.604038
Latin America and Caribbean (WB),,2005,23.449001
Latin America and Caribbean (WB),,2006,27.02699
Latin America and Caribbean (WB),,2007,30.337154
Latin America and Caribbean (WB),,2008,32.657486
Latin America and Caribbean (WB),,2009,35.78507
Latin America and Caribbean (WB),,2010,38.17299
Latin America and Caribbean (WB),,2011,40.929817
Latin America and Caribbean (WB),,2012,44.432674
Latin America and Caribbean (WB),,2013,46.646786
Latin America and Caribbean (WB),,2014,49.209442
Latin America and Caribbean (WB),,2015,52.796524
Latin America and Caribbean (WB),,2016,55.849556
Latin America and Caribbean (WB),,2017,57.920483
Latin America and Caribbean (WB),,2018,59.660915
Latin America and Caribbean (WB),,2019,63.385426
Latin America and Caribbean (WB),,2020,67.0367
Latin America and Caribbean (WB),,2021,69.78606
Latvia,LVA,2000,1
Latvia,LVA,2001,1
Latvia,LVA,2002,2
Latvia,LVA,2003,2
Latvia,LVA,2004,2
Latvia,LVA,2005,3
Latvia,LVA,2006,4
Latvia,LVA,2007,7
Latvia,LVA,2008,8
Latvia,LVA,2009,10
Latvia,LVA,2010,11
Latvia,LVA,2011,12
Latvia,LVA,2012,14
Latvia,LVA,2013,15
Latvia,LVA,2014,16
Latvia,LVA,2015,17
Latvia,LVA,2016,30
Latvia,LVA,2017,35
Latvia,LVA,2018,38
Latvia,LVA,2019,42
Latvia,LVA,2020,41
Latvia,LVA,2021,39
Lebanon,LBN,2000,3
Lebanon,LBN,2001,7
Lebanon,LBN,2002,10
Lebanon,LBN,2003,14
Lebanon,LBN,2004,17
Lebanon,LBN,2005,19
Lebanon,LBN,2006,21
Lebanon,LBN,2007,24
Lebanon,LBN,2008,26
Lebanon,LBN,2009,29
Lebanon,LBN,2010,32
Lebanon,LBN,2011,35
Lebanon,LBN,2012,36
Lebanon,LBN,2013,38
Lebanon,LBN,2014,40
Lebanon,LBN,2015,42
Lebanon,LBN,2016,47
Lebanon,LBN,2017,52
Lebanon,LBN,2018,56
Lebanon,LBN,2019,61
Lebanon,LBN,2020,64
Lebanon,LBN,2021,66
Lesotho,LSO,2000,0
Lesotho,LSO,2001,0
Lesotho,LSO,2002,0
Lesotho,LSO,2003,0
Lesotho,LSO,2004,1
Lesotho,LSO,2005,3
Lesotho,LSO,2006,7
Lesotho,LSO,2007,15
Lesotho,LSO,2008,20
Lesotho,LSO,2009,28
Lesotho,LSO,2010,34
Lesotho,LSO,2011,34
Lesotho,LSO,2012,37
Lesotho,LSO,2013,41
Lesotho,LSO,2014,44
Lesotho,LSO,2015,51
Lesotho,LSO,2016,60
Lesotho,LSO,2017,67
Lesotho,LSO,2018,69
Lesotho,LSO,2019,75
Lesotho,LSO,2020,80
Lesotho,LSO,2021,81
Liberia,LBR,2000,0
Liberia,LBR,2001,0
Liberia,LBR,2002,0
Liberia,LBR,2003,0
Liberia,LBR,2004,0
Liberia,LBR,2005,0
Liberia,LBR,2006,2
Liberia,LBR,2007,4
Liberia,LBR,2008,5
Liberia,LBR,2009,7
Liberia,LBR,2010,11
Liberia,LBR,2011,15
Liberia,LBR,2012,14
Liberia,LBR,2013,17
Liberia,LBR,2014,19
Liberia,LBR,2015,20
Liberia,LBR,2016,22
Liberia,LBR,2017,33
Liberia,LBR,2018,40
Liberia,LBR,2019,45
Liberia,LBR,2020,54
Liberia,LBR,2021,61
Libya,LBY,2000,13
Libya,LBY,2001,14
Libya,LBY,2002,15
Libya,LBY,2003,12
Libya,LBY,2004,17
Libya,LBY,2005,19
Libya,LBY,2006,21
Libya,LBY,2007,24
Libya,LBY,2008,28
Libya,LBY,2009,32
Libya,LBY,2010,36
Libya,LBY,2011,37
Libya,LBY,2012,39
Libya,LBY,2013,40
Libya,LBY,2014,44
Libya,LBY,2015,48
Libya,LBY,2016,49
Libya,LBY,2017,50
Libya,LBY,2018,55
Libya,LBY,2019,44
Libya,LBY,2020,41
Libya,LBY,2021,41
Lithuania,LTU,2000,0
Lithuania,LTU,2001,0
Lithuania,LTU,2002,0
Lithuania,LTU,2003,2
Lithuania,LTU,2004,3
Lithuania,LTU,2005,3
Lithuania,LTU,2006,4
Lithuania,LTU,2007,5
Lithuania,LTU,2008,7
Lithuania,LTU,2009,7
Lithuania,LTU,2010,7
Lithuania,LTU,2011,9
Lithuania,LTU,2012,11
Lithuania,LTU,2013,17
Lithuania,LTU,2014,13
Lithuania,LTU,2015,20
Lithuania,LTU,2016,22
Lithuania,LTU,2017,26
Lithuania,LTU,2018,34
Lithuania,LTU,2019,37
Lithuania,LTU,2020,36
Low-income countries,,2000,0
Low-income countries,,2001,0.16936159
Low-income countries,,2002,0.19079205
Low-income countries,,2003,0.80451006
Low-income countries,,2004,2.1357021
Low-income countries,,2005,4.4620905
Low-income countries,,2006,6.923119
Low-income countries,,2007,11.049678
Low-income countries,,2008,15.66786
Low-income countries,,2009,20.359158
Low-income countries,,2010,24.854479
Low-income countries,,2011,29.705708
Low-income countries,,2012,34.812317
Low-income countries,,2013,40.436348
Low-income countries,,2014,47.052334
Low-income countries,,2015,51.863297
Low-income countries,,2016,57.559196
Low-income countries,,2017,63.44335
Low-income countries,,2018,68.38779
Low-income countries,,2019,73.716484
Low-income countries,,2020,77.55642
Low-income countries,,2021,80.18046
Luxembourg,LUX,2000,47
Luxembourg,LUX,2001,48
Luxembourg,LUX,2002,49
Luxembourg,LUX,2003,47
Luxembourg,LUX,2004,47
Luxembourg,LUX,2005,50
Luxembourg,LUX,2006,53
Luxembourg,LUX,2007,51
Luxembourg,LUX,2008,54
Luxembourg,LUX,2009,54
Luxembourg,LUX,2010,55
Luxembourg,LUX,2011,58
Luxembourg,LUX,2012,61
Luxembourg,LUX,2013,61
Luxembourg,LUX,2014,65
Luxembourg,LUX,2015,66
Luxembourg,LUX,2016,68
Luxembourg,LUX,2017,70
Luxembourg,LUX,2018,70
Luxembourg,LUX,2019,72
Luxembourg,LUX,2020,72
Luxembourg,LUX,2021,76
Madagascar,MDG,2000,0
Madagascar,MDG,2001,0
Madagascar,MDG,2002,0
Madagascar,MDG,2003,0
Madagascar,MDG,2004,1
Madagascar,MDG,2005,1
Madagascar,MDG,2006,2
Madagascar,MDG,2007,2
Madagascar,MDG,2008,2
Madagascar,MDG,2009,2
Madagascar,MDG,2010,2
Madagascar,MDG,2011,3
Madagascar,MDG,2012,2
Madagascar,MDG,2013,2
Madagascar,MDG,2014,3
Madagascar,MDG,2015,4
Madagascar,MDG,2016,5
Madagascar,MDG,2017,6
Madagascar,MDG,2018,8
Madagascar,MDG,2019,11
Madagascar,MDG,2020,11
Madagascar,MDG,2021,15
Malawi,MWI,2000,0
Malawi,MWI,2001,0
Malawi,MWI,2002,0
Malawi,MWI,2003,0
Malawi,MWI,2004,1
Malawi,MWI,2005,3
Malawi,MWI,2006,6
Malawi,MWI,2007,11
Malawi,MWI,2008,17
Malawi,MWI,2009,22
Malawi,MWI,2010,27
Malawi,MWI,2011,35
Malawi,MWI,2012,43
Malawi,MWI,2013,49
Malawi,MWI,2014,56
Malawi,MWI,2015,61
Malawi,MWI,2016,69
Malawi,MWI,2017,76
Malawi,MWI,2018,82
Malawi,MWI,2019,84
Malawi,MWI,2020,87
Malawi,MWI,2021,91
Malaysia,MYS,2000,0
Malaysia,MYS,2001,2
Malaysia,MYS,2002,4
Malaysia,MYS,2003,6
Malaysia,MYS,2004,8
Malaysia,MYS,2005,10
Malaysia,MYS,2006,12
Malaysia,MYS,2007,14
Malaysia,MYS,2008,15
Malaysia,MYS,2009,17
Malaysia,MYS,2010,19
Malaysia,MYS,2011,20
Malaysia,MYS,2012,21
Malaysia,MYS,2013,24
Malaysia,MYS,2014,30
Malaysia,MYS,2015,35
Malaysia,MYS,2016,48
Malaysia,MYS,2017,50
Malaysia,MYS,2018,52
Malaysia,MYS,2019,53
Malaysia,MYS,2020,54
Malaysia,MYS,2021,55
Mali,MLI,2000,0
Mali,MLI,2001,0
Mali,MLI,2002,0
Mali,MLI,2003,1
Mali,MLI,2004,3
Mali,MLI,2005,3
Mali,MLI,2006,7
Mali,MLI,2007,12
Mali,MLI,2008,16
Mali,MLI,2009,20
Mali,MLI,2010,23
Mali,MLI,2011,27
Mali,MLI,2012,27
Mali,MLI,2013,27
Mali,MLI,2014,30
Mali,MLI,2015,33
Mali,MLI,2016,36
Mali,MLI,2017,40
Mali,MLI,2018,44
Mali,MLI,2019,43
Mali,MLI,2020,54
Mali,MLI,2021,53
Mauritania,MRT,2000,0
Mauritania,MRT,2001,0
Mauritania,MRT,2002,0
Mauritania,MRT,2003,0
Mauritania,MRT,2004,1
Mauritania,MRT,2005,3
Mauritania,MRT,2006,6
Mauritania,MRT,2007,9
Mauritania,MRT,2008,12
Mauritania,MRT,2009,15
Mauritania,MRT,2010,17
Mauritania,MRT,2011,18
Mauritania,MRT,2012,19
Mauritania,MRT,2013,23
Mauritania,MRT,2014,24
Mauritania,MRT,2015,27
Mauritania,MRT,2016,28
Mauritania,MRT,2017,33
Mauritania,MRT,2018,33
Mauritania,MRT,2019,35
Mauritania,MRT,2020,36
Mauritania,MRT,2021,38
Mauritius,MUS,2000,0
Mauritius,MUS,2001,0
Mauritius,MUS,2002,1
Mauritius,MUS,2003,1
Mauritius,MUS,2004,1
Mauritius,MUS,2005,2
Mauritius,MUS,2006,3
Mauritius,MUS,2007,3
Mauritius,MUS,2008,4
Mauritius,MUS,2009,5
Mauritius,MUS,2010,6
Mauritius,MUS,2011,11
Mauritius,MUS,2012,13
Mauritius,MUS,2013,15
Mauritius,MUS,2014,19
Mauritius,MUS,2015,20
Mauritius,MUS,2016,20
Mauritius,MUS,2017,22
Mauritius,MUS,2018,22
Mauritius,MUS,2019,23
Mauritius,MUS,2020,25
Mauritius,MUS,2021,26
Mexico,MEX,2000,8
Mexico,MEX,2001,10
Mexico,MEX,2002,12
Mexico,MEX,2003,16
Mexico,MEX,2004,17
Mexico,MEX,2005,18
Mexico,MEX,2006,21
Mexico,MEX,2007,24
Mexico,MEX,2008,26
Mexico,MEX,2009,27
Mexico,MEX,2010,28
Mexico,MEX,2011,30
Mexico,MEX,2012,33
Mexico,MEX,2013,34
Mexico,MEX,2014,35
Mexico,MEX,2015,41
Mexico,MEX,2016,44
Mexico,MEX,2017,45
Mexico,MEX,2018,51
Mexico,MEX,2019,52
Mexico,MEX,2020,57
Mexico,MEX,2021,61
Middle East and North Africa (WB),,2000,0.95208335
Middle East and North Africa (WB),,2001,1.1949521
Middle East and North Africa (WB),,2002,1.2411138
Middle East and North Africa (WB),,2003,2.2975633
Middle East and North Africa (WB),,2004,2.542354
Middle East and North Africa (WB),,2005,3.1572921
Middle East and North Africa (WB),,2006,4.4701767
Middle East and North Africa (WB),,2007,5.0795846
Middle East and North Africa (WB),,2008,6.0739236
Middle East and North Africa (WB),,2009,7.630418
Middle East and North Africa (WB),,2010,9.167687
Middle East and North Africa (WB),,2011,11.304842
Middle East and North Africa (WB),,2012,14.219289
Middle East and North Africa (WB),,2013,16.946232
Middle East and North Africa (WB),,2014,20.479261
Middle East and North Africa (WB),,2015,24.869596
Middle East and North Africa (WB),,2016,30.077961
Middle East and North Africa (WB),,2017,34.37846
Middle East and North Africa (WB),,2018,39.54682
Middle East and North Africa (WB),,2019,42.63006
Middle East and North Africa (WB),,2020,44.93858
Middle East and North Africa (WB),,2021,47.537834
Moldova,MDA,2000,0
Moldova,MDA,2001,0
Moldova,MDA,2002,0
Moldova,MDA,2003,0
Moldova,MDA,2004,1
Moldova,MDA,2005,2
Moldova,MDA,2006,3
Moldova,MDA,2007,4
Moldova,MDA,2008,6
Moldova,MDA,2009,8
Moldova,MDA,2010,10
Moldova,MDA,2011,12
Moldova,MDA,2012,15
Moldova,MDA,2013,18
Moldova,MDA,2014,22
Moldova,MDA,2015,27
Moldova,MDA,2016,31
Moldova,MDA,2017,35
Moldova,MDA,2018,40
Moldova,MDA,2019,44
Moldova,MDA,2020,45
Moldova,MDA,2021,48
Mongolia,MNG,2000,0
Mongolia,MNG,2001,0
Mongolia,MNG,2002,0
Mongolia,MNG,2003,1
Mongolia,MNG,2004,1
Mongolia,MNG,2005,0
Mongolia,MNG,2006,1
Mongolia,MNG,2007,1
Mongolia,MNG,2008,2
Mongolia,MNG,2009,3
Mongolia,MNG,2010,7
Mongolia,MNG,2011,9
Mongolia,MNG,2012,12
Mongolia,MNG,2013,20
Mongolia,MNG,2014,25
Mongolia,MNG,2015,28
Mongolia,MNG,2016,29
Mongolia,MNG,2017,32
Mongolia,MNG,2018,34
Mongolia,MNG,2019,34
Mongolia,MNG,2020,37
Mongolia,MNG,2021,38
Montenegro,MNE,2000,8
Montenegro,MNE,2001,10
Montenegro,MNE,2002,10
Montenegro,MNE,2003,12
Montenegro,MNE,2004,13
Montenegro,MNE,2005,17
Montenegro,MNE,2006,18
Montenegro,MNE,2007,19
Montenegro,MNE,2008,19
Montenegro,MNE,2009,20
Montenegro,MNE,2010,24
Montenegro,MNE,2011,24
Montenegro,MNE,2012,26
Montenegro,MNE,2013,29
Montenegro,MNE,2014,33
Montenegro,MNE,2015,35
Montenegro,MNE,2016,42
Montenegro,MNE,2017,48
Montenegro,MNE,2018,53
Montenegro,MNE,2019,56
Montenegro,MNE,2020,58
Montenegro,MNE,2021,58
Morocco,MAR,2000,0
Morocco,MAR,2001,0
Morocco,MAR,2002,0
Morocco,MAR,2003,4
Morocco,MAR,2004,6
Morocco,MAR,2005,8
Morocco,MAR,2006,9
Morocco,MAR,2007,10
Morocco,MAR,2008,13
Morocco,MAR,2009,15
Morocco,MAR,2010,17
Morocco,MAR,2011,21
Morocco,MAR,2012,27
Morocco,MAR,2013,32
Morocco,MAR,2014,36
Morocco,MAR,2015,44
Morocco,MAR,2016,51
Morocco,MAR,2017,55
Morocco,MAR,2018,63
Morocco,MAR,2019,68
Morocco,MAR,2020,74
Morocco,MAR,2021,80
Myanmar,MMR,2000,0
Myanmar,MMR,2001,0
Myanmar,MMR,2002,0
Myanmar,MMR,2003,0
Myanmar,MMR,2004,0
Myanmar,MMR,2005,1
Myanmar,MMR,2006,3
Myanmar,MMR,2007,5
Myanmar,MMR,2008,6
Myanmar,MMR,2009,9
Myanmar,MMR,2010,12
Myanmar,MMR,2011,16
Myanmar,MMR,2012,21
Myanmar,MMR,2013,26
Myanmar,MMR,2014,33
Myanmar,MMR,2015,41
Myanmar,MMR,2016,48
Myanmar,MMR,2017,55
Myanmar,MMR,2018,63
Myanmar,MMR,2019,69
Myanmar,MMR,2020,74
Myanmar,MMR,2021,70
Namibia,NAM,2000,0
Namibia,NAM,2001,0
Namibia,NAM,2002,0
Namibia,NAM,2003,0
Namibia,NAM,2004,3
Namibia,NAM,2005,8
Namibia,NAM,2006,16
Namibia,NAM,2007,26
Namibia,NAM,2008,33
Namibia,NAM,2009,36
Namibia,NAM,2010,42
Namibia,NAM,2011,50
Namibia,NAM,2012,55
Namibia,NAM,2013,58
Namibia,NAM,2014,57
Namibia,NAM,2015,64
Namibia,NAM,2016,64
Namibia,NAM,2017,72
Namibia,NAM,2018,76
Namibia,NAM,2019,83
Namibia,NAM,2020,85
Namibia,NAM,2021,91
Nepal,NPL,2000,0
Nepal,NPL,2001,0
Nepal,NPL,2002,0
Nepal,NPL,2003,0
Nepal,NPL,2004,0
Nepal,NPL,2005,1
Nepal,NPL,2006,2
Nepal,NPL,2007,4
Nepal,NPL,2008,8
Nepal,NPL,2009,12
Nepal,NPL,2010,16
Nepal,NPL,2011,22
Nepal,NPL,2012,27
Nepal,NPL,2013,31
Nepal,NPL,2014,37
Nepal,NPL,2015,43
Nepal,NPL,2016,46
Nepal,NPL,2017,54
Nepal,NPL,2018,59
Nepal,NPL,2019,64
Nepal,NPL,2020,67
Nepal,NPL,2021,72
Netherlands,NLD,2000,49
Netherlands,NLD,2001,51
Netherlands,NLD,2002,53
Netherlands,NLD,2003,54
Netherlands,NLD,2004,55
Netherlands,NLD,2005,55
Netherlands,NLD,2006,56
Netherlands,NLD,2007,57
Netherlands,NLD,2008,60
Netherlands,NLD,2009,63
Netherlands,NLD,2010,66
Netherlands,NLD,2011,68
Netherlands,NLD,2012,71
Netherlands,NLD,2013,74
Netherlands,NLD,2014,77
Netherlands,NLD,2015,79
Netherlands,NLD,2016,80
Netherlands,NLD,2017,82
Netherlands,NLD,2018,84
Netherlands,NLD,2019,86
Netherlands,NLD,2020,88
New Zealand,NZL,2000,35
New Zealand,NZL,2001,39
New Zealand,NZL,2002,42
New Zealand,NZL,2003,46
New Zealand,NZL,2004,49
New Zealand,NZL,2005,51
New Zealand,NZL,2006,50
New Zealand,NZL,2007,52
New Zealand,NZL,2008,52
New Zealand,NZL,2009,55
New Zealand,NZL,2010,58
New Zealand,NZL,2011,61
New Zealand,NZL,2012,62
New Zealand,NZL,2013,63
New Zealand,NZL,2014,66
New Zealand,NZL,2015,69
New Zealand,NZL,2016,73
New Zealand,NZL,2017,77
New Zealand,NZL,2018,79
New Zealand,NZL,2019,79
New Zealand,NZL,2020,81
New Zealand,NZL,2021,81
Nicaragua,NIC,2000,0
Nicaragua,NIC,2001,0
Nicaragua,NIC,2002,0
Nicaragua,NIC,2003,0
Nicaragua,NIC,2004,1
Nicaragua,NIC,2005,3
Nicaragua,NIC,2006,5
Nicaragua,NIC,2007,8
Nicaragua,NIC,2008,11
Nicaragua,NIC,2009,15
Nicaragua,NIC,2010,18
Nicaragua,NIC,2011,22
Nicaragua,NIC,2012,26
Nicaragua,NIC,2013,28
Nicaragua,NIC,2014,32
Nicaragua,NIC,2015,36
Nicaragua,NIC,2016,39
Nicaragua,NIC,2017,43
Nicaragua,NIC,2018,49
Nicaragua,NIC,2019,53
Nicaragua,NIC,2020,53
Nicaragua,NIC,2021,53
Niger,NER,2000,0
Niger,NER,2001,0
Niger,NER,2002,0
Niger,NER,2003,0
Niger,NER,2004,0
Niger,NER,2005,2
Niger,NER,2006,4
Niger,NER,2007,6
Niger,NER,2008,7
Niger,NER,2009,17
Niger,NER,2010,20
Niger,NER,2011,27
Niger,NER,2012,33
Niger,NER,2013,36
Niger,NER,2014,35
Niger,NER,2015,40
Niger,NER,2016,49
Niger,NER,2017,60
Niger,NER,2018,65
Niger,NER,2019,67
Niger,NER,2020,71
Niger,NER,2021,81
Nigeria,NGA,2000,0
Nigeria,NGA,2001,0
Nigeria,NGA,2002,0
Nigeria,NGA,2003,1
Nigeria,NGA,2004,3
Nigeria,NGA,2005,4
Nigeria,NGA,2006,7
Nigeria,NGA,2007,8
Nigeria,NGA,2008,14
Nigeria,NGA,2009,18
Nigeria,NGA,2010,20
Nigeria,NGA,2011,23
Nigeria,NGA,2012,30
Nigeria,NGA,2013,36
Nigeria,NGA,2014,40
Nigeria,NGA,2015,44
Nigeria,NGA,2016,49
Nigeria,NGA,2017,52
Nigeria,NGA,2018,54
Nigeria,NGA,2019,60
Nigeria,NGA,2020,77
Nigeria,NGA,2021,90
Norway,NOR,2000,38
Norway,NOR,2001,48
Norway,NOR,2002,58
Norway,NOR,2003,68
Norway,NOR,2004,76
Norway,NOR,2005,83
Norway,NOR,2006,90
Norway,NOR,2007,95
Norway,NOR,2008,96
Norway,NOR,2009,95
Norway,NOR,2010,94
Norway,NOR,2011,93
Norway,NOR,2012,92
Norway,NOR,2013,91
Norway,NOR,2014,90
Norway,NOR,2015,90
Norway,NOR,2016,89
Norway,NOR,2017,89
Norway,NOR,2018,89
Norway,NOR,2019,90
Norway,NOR,2020,92
Norway,NOR,2021,93
Oman,OMN,2000,12
Oman,OMN,2001,13
Oman,OMN,2002,13
Oman,OMN,2003,14
Oman,OMN,2004,15
Oman,OMN,2005,15
Oman,OMN,2006,16
Oman,OMN,2007,19
Oman,OMN,2008,24
Oman,OMN,2009,29
Oman,OMN,2010,34
Oman,OMN,2011,40
Oman,OMN,2012,43
Oman,OMN,2013,47
Oman,OMN,2014,48
Oman,OMN,2015,47
Oman,OMN,2016,52
Oman,OMN,2017,56
Oman,OMN,2018,60
Oman,OMN,2019,65
Oman,OMN,2020,60
Oman,OMN,2021,65
Pakistan,PAK,2000,0
Pakistan,PAK,2001,1
Pakistan,PAK,2002,3
Pakistan,PAK,2003,5
Pakistan,PAK,2004,5
Pakistan,PAK,2005,1
Pakistan,PAK,2006,1
Pakistan,PAK,2007,2
Pakistan,PAK,2008,2
Pakistan,PAK,2009,2
Pakistan,PAK,2010,3
Pakistan,PAK,2011,3
Pakistan,PAK,2012,4
Pakistan,PAK,2013,3
Pakistan,PAK,2014,4
Pakistan,PAK,2015,5
Pakistan,PAK,2016,6
Pakistan,PAK,2017,8
Pakistan,PAK,2018,10
Pakistan,PAK,2019,13
Pakistan,PAK,2020,12
Pakistan,PAK,2021,14
Papua New Guinea,PNG,2000,0
Papua New Guinea,PNG,2001,0
Papua New Guinea,PNG,2002,0
Papua New Guinea,PNG,2003,0
Papua New Guinea,PNG,2004,0
Papua New Guinea,PNG,2005,1
Papua New Guinea,PNG,2006,5
Papua New Guinea,PNG,2007,13
Papua New Guinea,PNG,2008,17
Papua New Guinea,PNG,2009,20
Papua New Guinea,PNG,2010,23
Papua New Guinea,PNG,2011,27
Papua New Guinea,PNG,2012,33
Papua New Guinea,PNG,2013,39
Papua New Guinea,PNG,2014,46
Papua New Guinea,PNG,2015,50
Papua New Guinea,PNG,2016,53
Papua New Guinea,PNG,2017,55
Papua New Guinea,PNG,2018,58
Papua New Guinea,PNG,2019,60
Papua New Guinea,PNG,2020,64
Papua New Guinea,PNG,2021,65
Paraguay,PRY,2000,0
Paraguay,PRY,2001,0
Paraguay,PRY,2002,0
Paraguay,PRY,2003,0
Paraguay,PRY,2004,0
Paraguay,PRY,2005,6
Paraguay,PRY,2006,8
Paraguay,PRY,2007,11
Paraguay,PRY,2008,16
Paraguay,PRY,2009,21
Paraguay,PRY,2010,27
Paraguay,PRY,2011,27
Paraguay,PRY,2012,30
Paraguay,PRY,2013,34
Paraguay,PRY,2014,38
Paraguay,PRY,2015,41
Paraguay,PRY,2016,47
Paraguay,PRY,2017,55
Paraguay,PRY,2018,58
Paraguay,PRY,2019,62
Paraguay,PRY,2020,62
Paraguay,PRY,2021,66
Peru,PER,2000,0
Peru,PER,2001,0
Peru,PER,2002,2
Peru,PER,2003,4
Peru,PER,2004,2
Peru,PER,2005,7
Peru,PER,2006,10
Peru,PER,2007,16
Peru,PER,2008,18
Peru,PER,2009,26
Peru,PER,2010,34
Peru,PER,2011,36
Peru,PER,2012,45
Peru,PER,2013,44
Peru,PER,2014,50
Peru,PER,2015,53
Peru,PER,2016,59
Peru,PER,2017,62
Peru,PER,2018,69
Peru,PER,2019,76
Peru,PER,2020,76
Peru,PER,2021,80
Philippines,PHL,2000,0
Philippines,PHL,2001,0
Philippines,PHL,2002,0
Philippines,PHL,2003,0
Philippines,PHL,2005,1
Philippines,PHL,2006,4
Philippines,PHL,2007,5
Philippines,PHL,2008,7
Philippines,PHL,2009,7
Philippines,PHL,2010,8
Philippines,PHL,2011,12
Philippines,PHL,2012,14
Philippines,PHL,2013,15
Philippines,PHL,2014,19
Philippines,PHL,2015,24
Philippines,PHL,2016,29
Philippines,PHL,2017,34
Philippines,PHL,2018,39
Philippines,PHL,2019,41
Philippines,PHL,2020,39
Philippines,PHL,2021,41
Portugal,PRT,2000,18
Portugal,PRT,2001,22
Portugal,PRT,2002,26
Portugal,PRT,2003,30
Portugal,PRT,2004,34
Portugal,PRT,2005,37
Portugal,PRT,2006,40
Portugal,PRT,2007,43
Portugal,PRT,2008,46
Portugal,PRT,2009,49
Portugal,PRT,2010,54
Portugal,PRT,2011,58
Portugal,PRT,2012,63
Portugal,PRT,2013,67
Portugal,PRT,2014,71
Portugal,PRT,2015,74
Portugal,PRT,2016,77
Portugal,PRT,2017,87
Qatar,QAT,2000,0
Qatar,QAT,2001,0
Qatar,QAT,2002,0
Qatar,QAT,2003,0
Qatar,QAT,2004,0
Qatar,QAT,2005,0
Qatar,QAT,2006,0
Qatar,QAT,2009,9
Qatar,QAT,2010,17
Qatar,QAT,2011,24
Qatar,QAT,2012,29
Qatar,QAT,2013,33
Qatar,QAT,2014,37
Qatar,QAT,2015,41
Qatar,QAT,2016,43
Qatar,QAT,2017,45
Qatar,QAT,2018,47
Qatar,QAT,2019,48
Qatar,QAT,2020,49
Qatar,QAT,2021,58
Romania,ROU,2000,37
Romania,ROU,2001,41
Romania,ROU,2002,45
Romania,ROU,2003,45
Romania,ROU,2004,45
Romania,ROU,2005,45
Romania,ROU,2006,45
Romania,ROU,2007,44
Romania,ROU,2008,44
Romania,ROU,2009,45
Romania,ROU,2010,46
Romania,ROU,2011,46
Romania,ROU,2012,47
Romania,ROU,2013,51
Romania,ROU,2014,55
Romania,ROU,2015,59
Romania,ROU,2016,60
Romania,ROU,2017,62
Romania,ROU,2018,63
Romania,ROU,2019,66
Romania,ROU,2020,65
Romania,ROU,2021,66
Rwanda,RWA,2000,0
Rwanda,RWA,2001,0
Rwanda,RWA,2002,0
Rwanda,RWA,2003,0
Rwanda,RWA,2004,3
Rwanda,RWA,2005,9
Rwanda,RWA,2006,16
Rwanda,RWA,2007,21
Rwanda,RWA,2008,29
Rwanda,RWA,2009,36
Rwanda,RWA,2010,41
Rwanda,RWA,2011,46
Rwanda,RWA,2012,53
Rwanda,RWA,2013,59
Rwanda,RWA,2014,65
Rwanda,RWA,2015,71
Rwanda,RWA,2016,79
Rwanda,RWA,2017,82
Rwanda,RWA,2018,85
Rwanda,RWA,2019,88
Rwanda,RWA,2020,90
Rwanda,RWA,2021,93
Sao Tome and Principe,STP,2000,0
Sao Tome and Principe,STP,2001,0
Sao Tome and Principe,STP,2002,0
Sao Tome and Principe,STP,2003,0
Sao Tome and Principe,STP,2004,0
Sao Tome and Principe,STP,2005,2
Sao Tome and Principe,STP,2006,3
Sao Tome and Principe,STP,2007,5
Sao Tome and Principe,STP,2008,8
Sao Tome and Principe,STP,2009,12
Sao Tome and Principe,STP,2010,16
Sao Tome and Principe,STP,2011,20
Sao Tome and Principe,STP,2012,26
Sao Tome and Principe,STP,2013,30
Sao Tome and Principe,STP,2014,39
Sao Tome and Principe,STP,2015,51
Sao Tome and Principe,STP,2016,61
Sao Tome and Principe,STP,2017,75
Sao Tome and Principe,STP,2018,86
Sao Tome and Principe,STP,2019,90
Sao Tome and Principe,STP,2020,95
Sao Tome and Principe,STP,2021,98
Senegal,SEN,2000,0
Senegal,SEN,2001,0
Senegal,SEN,2002,0
Senegal,SEN,2003,0
Senegal,SEN,2004,0
Senegal,SEN,2005,0
Senegal,SEN,2006,0
Senegal,SEN,2007,16
Senegal,SEN,2008,19
Senegal,SEN,2009,22
Senegal,SEN,2010,25
Senegal,SEN,2011,27
Senegal,SEN,2012,26
Senegal,SEN,2013,31
Senegal,SEN,2014,38
Senegal,SEN,2015,44
Senegal,SEN,2016,51
Senegal,SEN,2017,57
Senegal,SEN,2018,66
Senegal,SEN,2019,73
Senegal,SEN,2020,76
Senegal,SEN,2021,79
Serbia,SRB,2000,0
Serbia,SRB,2001,0
Serbia,SRB,2002,0
Serbia,SRB,2003,39
Serbia,SRB,2004,48
Serbia,SRB,2005,56
Serbia,SRB,2006,54
Serbia,SRB,2007,53
Serbia,SRB,2008,53
Serbia,SRB,2009,52
Serbia,SRB,2010,53
Serbia,SRB,2011,53
Serbia,SRB,2012,52
Serbia,SRB,2013,52
Serbia,SRB,2014,53
Serbia,SRB,2015,54
Serbia,SRB,2016,57
Serbia,SRB,2017,60
Serbia,SRB,2018,64
Serbia,SRB,2019,64
Serbia,SRB,2020,63
Serbia,SRB,2021,64
Sierra Leone,SLE,2000,0
Sierra Leone,SLE,2001,0
Sierra Leone,SLE,2002,0
Sierra Leone,SLE,2003,0
Sierra Leone,SLE,2004,0
Sierra Leone,SLE,2005,0
Sierra Leone,SLE,2006,1
Sierra Leone,SLE,2007,2
Sierra Leone,SLE,2008,3
Sierra Leone,SLE,2009,6
Sierra Leone,SLE,2010,9
Sierra Leone,SLE,2011,11
Sierra Leone,SLE,2012,11
Sierra Leone,SLE,2013,13
Sierra Leone,SLE,2014,15
Sierra Leone,SLE,2015,19
Sierra Leone,SLE,2016,24
Sierra Leone,SLE,2017,31
Sierra Leone,SLE,2018,38
Sierra Leone,SLE,2019,44
Sierra Leone,SLE,2020,50
Sierra Leone,SLE,2021,61
Singapore,SGP,2000,3
Singapore,SGP,2001,3
Singapore,SGP,2002,4
Singapore,SGP,2003,4
Singapore,SGP,2004,5
Singapore,SGP,2005,7
Singapore,SGP,2006,11
Singapore,SGP,2007,16
Singapore,SGP,2008,22
Singapore,SGP,2009,30
Singapore,SGP,2010,34
Singapore,SGP,2011,40
Singapore,SGP,2012,45
Singapore,SGP,2013,51
Singapore,SGP,2014,57
Singapore,SGP,2015,62
Singapore,SGP,2016,65
Singapore,SGP,2017,70
Singapore,SGP,2018,72
Singapore,SGP,2019,76
Singapore,SGP,2020,79
Slovakia,SVK,2000,7
Slovakia,SVK,2001,8
Slovakia,SVK,2002,8
Slovakia,SVK,2003,9
Slovakia,SVK,2004,28
Slovakia,SVK,2005,25
Slovakia,SVK,2006,34
Slovakia,SVK,2007,32
Slovakia,SVK,2008,29
Slovakia,SVK,2009,33
Slovakia,SVK,2010,35
Slovakia,SVK,2011,36
Slovakia,SVK,2012,41
Slovakia,SVK,2013,46
Slovakia,SVK,2014,51
Slovakia,SVK,2015,57
Slovakia,SVK,2016,59
Slovakia,SVK,2017,74
Slovakia,SVK,2018,68
Slovenia,SVN,2000,26
Slovenia,SVN,2001,26
Slovenia,SVN,2002,25
Slovenia,SVN,2003,24
Slovenia,SVN,2004,24
Slovenia,SVN,2005,24
Slovenia,SVN,2006,32
Slovenia,SVN,2007,31
Slovenia,SVN,2008,28
Slovenia,SVN,2009,29
Slovenia,SVN,2010,39
Slovenia,SVN,2011,41
Slovenia,SVN,2012,42
Slovenia,SVN,2013,48
Slovenia,SVN,2014,54
Slovenia,SVN,2015,59
Slovenia,SVN,2016,67
Slovenia,SVN,2017,74
Slovenia,SVN,2018,78
Slovenia,SVN,2019,79
Slovenia,SVN,2020,86
Slovenia,SVN,2021,88
Somalia,SOM,2000,0
Somalia,SOM,2001,0
Somalia,SOM,2002,0
Somalia,SOM,2003,0
Somalia,SOM,2004,0
Somalia,SOM,2005,0
Somalia,SOM,2006,1
Somalia,SOM,2007,1
Somalia,SOM,2008,3
Somalia,SOM,2009,4
Somalia,SOM,2010,7
Somalia,SOM,2011,9
Somalia,SOM,2012,12
Somalia,SOM,2013,16
Somalia,SOM,2014,18
Somalia,SOM,2015,23
Somalia,SOM,2016,28
Somalia,SOM,2017,33
Somalia,SOM,2018,37
Somalia,SOM,2019,42
Somalia,SOM,2020,46
Somalia,SOM,2021,50
South Africa,ZAF,2000,0
South Africa,ZAF,2001,0
South Africa,ZAF,2002,1
South Africa,ZAF,2003,1
South Africa,ZAF,2004,2
South Africa,ZAF,2005,4
South Africa,ZAF,2006,6
South Africa,ZAF,2007,10
South Africa,ZAF,2008,14
South Africa,ZAF,2009,19
South Africa,ZAF,2010,26
South Africa,ZAF,2011,34
South Africa,ZAF,2012,41
South Africa,ZAF,2013,46
South Africa,ZAF,2014,51
South Africa,ZAF,2015,56
South Africa,ZAF,2016,61
South Africa,ZAF,2017,67
South Africa,ZAF,2018,70
South Africa,ZAF,2019,73
South Africa,ZAF,2020,74
South Africa,ZAF,2021,74
South Sudan,SSD,2000,0
South Sudan,SSD,2001,0
South Sudan,SSD,2002,0
South Sudan,SSD,2003,0
South Sudan,SSD,2004,0
South Sudan,SSD,2005,0
South Sudan,SSD,2006,0
South Sudan,SSD,2007,0
South Sudan,SSD,2008,0
South Sudan,SSD,2009,1
South Sudan,SSD,2010,2
South Sudan,SSD,2011,3
South Sudan,SSD,2012,3
South Sudan,SSD,2013,5
South Sudan,SSD,2014,8
South Sudan,SSD,2015,13
South Sudan,SSD,2016,13
South Sudan,SSD,2017,16
South Sudan,SSD,2018,20
South Sudan,SSD,2019,22
South Sudan,SSD,2020,25
South Sudan,SSD,2021,27
Spain,ESP,2000,26
Spain,ESP,2001,31
Spain,ESP,2002,35
Spain,ESP,2003,39
Spain,ESP,2004,43
Spain,ESP,2005,47
Spain,ESP,2006,51
Spain,ESP,2007,55
Spain,ESP,2008,59
Spain,ESP,2009,62
Spain,ESP,2010,67
Spain,ESP,2011,68
Spain,ESP,2012,71
Spain,ESP,2013,72
Spain,ESP,2014,73
Spain,ESP,2015,76
Spain,ESP,2016,82
Spain,ESP,2017,83
Spain,ESP,2018,84
Spain,ESP,2019,85
Spain,ESP,2020,86
Sri Lanka,LKA,2000,0
Sri Lanka,LKA,2001,0
Sri Lanka,LKA,2002,0
Sri Lanka,LKA,2003,0
Sri Lanka,LKA,2004,0
Sri Lanka,LKA,2005,2
Sri Lanka,LKA,2006,2
Sri Lanka,LKA,2007,3
Sri Lanka,LKA,2008,4
Sri Lanka,LKA,2009,5
Sri Lanka,LKA,2010,7
Sri Lanka,LKA,2011,8
Sri Lanka,LKA,2012,10
Sri Lanka,LKA,2013,14
Sri Lanka,LKA,2014,17
Sri Lanka,LKA,2015,22
Sri Lanka,LKA,2016,29
Sri Lanka,LKA,2017,35
Sri Lanka,LKA,2018,43
Sri Lanka,LKA,2019,51
Sri Lanka,LKA,2020,60
Sri Lanka,LKA,2021,66
Sub-Saharan Africa (WB),,2000,0
Sub-Saharan Africa (WB),,2001,0.07795696
Sub-Saharan Africa (WB),,2002,0.30794495
Sub-Saharan Africa (WB),,2003,0.7061208
Sub-Saharan Africa (WB),,2004,2.1090145
Sub-Saharan Africa (WB),,2005,3.935478
Sub-Saharan Africa (WB),,2006,6.656887
Sub-Saharan Africa (WB),,2007,10.496282
Sub-Saharan Africa (WB),,2008,14.745014
Sub-Saharan Africa (WB),,2009,19.571745
Sub-Saharan Africa (WB),,2010,24.75757
Sub-Saharan Africa (WB),,2011,30.501635
Sub-Saharan Africa (WB),,2012,36.599087
Sub-Saharan Africa (WB),,2013,41.666107
Sub-Saharan Africa (WB),,2014,47.119316
Sub-Saharan Africa (WB),,2015,52.393177
Sub-Saharan Africa (WB),,2016,57.95063
Sub-Saharan Africa (WB),,2017,63.859352
Sub-Saharan Africa (WB),,2018,67.41718
Sub-Saharan Africa (WB),,2019,72.06804
Sub-Saharan Africa (WB),,2020,76.45765
Sub-Saharan Africa (WB),,2021,79.02427
Sudan,SDN,2000,0
Sudan,SDN,2001,0
Sudan,SDN,2002,0
Sudan,SDN,2003,0
Sudan,SDN,2004,0
Sudan,SDN,2005,0
Sudan,SDN,2006,0
Sudan,SDN,2007,0
Sudan,SDN,2008,3
Sudan,SDN,2009,5
Sudan,SDN,2010,6
Sudan,SDN,2011,6
Sudan,SDN,2012,7
Sudan,SDN,2013,9
Sudan,SDN,2014,10
Sudan,SDN,2015,12
Sudan,SDN,2016,15
Sudan,SDN,2017,20
Sudan,SDN,2018,23
Sudan,SDN,2019,26
Sudan,SDN,2020,29
Sudan,SDN,2021,27
Suriname,SUR,2000,0
Suriname,SUR,2001,0
Suriname,SUR,2002,1
Suriname,SUR,2003,4
Suriname,SUR,2004,6
Suriname,SUR,2005,9
Suriname,SUR,2006,12
Suriname,SUR,2007,15
Suriname,SUR,2008,19
Suriname,SUR,2009,21
Suriname,SUR,2010,23
Suriname,SUR,2011,26
Suriname,SUR,2012,33
Suriname,SUR,2013,38
Suriname,SUR,2014,41
Suriname,SUR,2015,43
Suriname,SUR,2016,47
Suriname,SUR,2017,48
Suriname,SUR,2018,50
Switzerland,CHE,2000,30
Switzerland,CHE,2001,35
Switzerland,CHE,2002,39
Switzerland,CHE,2003,43
Switzerland,CHE,2004,46
Switzerland,CHE,2005,50
Switzerland,CHE,2006,53
Switzerland,CHE,2007,56
Switzerland,CHE,2008,58
Switzerland,CHE,2009,61
Switzerland,CHE,2010,64
Switzerland,CHE,2011,66
Switzerland,CHE,2012,69
Switzerland,CHE,2013,70
Switzerland,CHE,2014,72
Switzerland,CHE,2015,74
Switzerland,CHE,2016,79
Switzerland,CHE,2017,85
Switzerland,CHE,2018,87
Switzerland,CHE,2019,88
Switzerland,CHE,2020,91
Switzerland,CHE,2021,90
Syria,SYR,2000,0
Syria,SYR,2001,0
Syria,SYR,2002,0
Syria,SYR,2003,1
Syria,SYR,2004,4
Syria,SYR,2005,4
Syria,SYR,2006,4
Syria,SYR,2007,5
Syria,SYR,2008,6
Syria,SYR,2009,8
Syria,SYR,2010,10
Syria,SYR,2011,14
Syria,SYR,2012,16
Syria,SYR,2013,17
Syria,SYR,2014,18
Syria,SYR,2015,18
Syria,SYR,2016,20
Syria,SYR,2017,25
Syria,SYR,2018,32
Syria,SYR,2019,38
Syria,SYR,2020,39
Syria,SYR,2021,38
Tajikistan,TJK,2000,0
Tajikistan,TJK,2001,0
Tajikistan,TJK,2002,0
Tajikistan,TJK,2003,0
Tajikistan,TJK,2004,0
Tajikistan,TJK,2005,0
Tajikistan,TJK,2006,3
Tajikistan,TJK,2007,4
Tajikistan,TJK,2008,5
Tajikistan,TJK,2009,7
Tajikistan,TJK,2010,8
Tajikistan,TJK,2011,10
Tajikistan,TJK,2012,12
Tajikistan,TJK,2013,16
Tajikistan,TJK,2014,23
Tajikistan,TJK,2015,32
Tajikistan,TJK,2016,39
Tajikistan,TJK,2017,46
Tajikistan,TJK,2018,53
Tajikistan,TJK,2019,59
Tajikistan,TJK,2020,63
Tajikistan,TJK,2021,65
Tanzania,TZA,2000,0
Tanzania,TZA,2001,0
Tanzania,TZA,2002,0
Tanzania,TZA,2003,0
Tanzania,TZA,2004,1
Tanzania,TZA,2005,1
Tanzania,TZA,2006,4
Tanzania,TZA,2007,10
Tanzania,TZA,2008,11
Tanzania,TZA,2009,14
Tanzania,TZA,2010,17
Tanzania,TZA,2011,19
Tanzania,TZA,2012,30
Tanzania,TZA,2013,35
Tanzania,TZA,2014,42
Tanzania,TZA,2015,48
Tanzania,TZA,2016,53
Tanzania,TZA,2017,59
Tanzania,TZA,2018,66
Tanzania,TZA,2019,75
Tanzania,TZA,2020,83
Tanzania,TZA,2021,86
Thailand,THA,2000,0
Thailand,THA,2001,1
Thailand,THA,2002,2
Thailand,THA,2003,4
Thailand,THA,2004,8
Thailand,THA,2005,15
Thailand,THA,2006,19
Thailand,THA,2007,24
Thailand,THA,2008,28
Thailand,THA,2009,32
Thailand,THA,2010,37
Thailand,THA,2011,41
Thailand,THA,2012,45
Thailand,THA,2013,50
Thailand,THA,2014,54
Thailand,THA,2015,61
Thailand,THA,2016,67
Thailand,THA,2017,71
Thailand,THA,2018,75
Thailand,THA,2019,79
Thailand,THA,2020,83
Thailand,THA,2021,86
Togo,TGO,2000,0
Togo,TGO,2001,0
Togo,TGO,2002,0
Togo,TGO,2003,1
Togo,TGO,2004,2
Togo,TGO,2005,4
Togo,TGO,2006,6
Togo,TGO,2007,6
Togo,TGO,2008,9
Togo,TGO,2009,14
Togo,TGO,2010,21
Togo,TGO,2011,24
Togo,TGO,2012,27
Togo,TGO,2013,31
Togo,TGO,2014,34
Togo,TGO,2015,40
Togo,TGO,2016,47
Togo,TGO,2017,55
Togo,TGO,2018,60
Togo,TGO,2019,70
Togo,TGO,2020,75
Togo,TGO,2021,76
Trinidad and Tobago,TTO,2000,0
Trinidad and Tobago,TTO,2001,1
Trinidad and Tobago,TTO,2002,3
Trinidad and Tobago,TTO,2003,6
Trinidad and Tobago,TTO,2004,10
Trinidad and Tobago,TTO,2005,13
Trinidad and Tobago,TTO,2006,16
Trinidad and Tobago,TTO,2007,20
Trinidad and Tobago,TTO,2008,23
Trinidad and Tobago,TTO,2009,29
Trinidad and Tobago,TTO,2010,37
Trinidad and Tobago,TTO,2011,41
Trinidad and Tobago,TTO,2012,46
Trinidad and Tobago,TTO,2013,51
Trinidad and Tobago,TTO,2014,54
Trinidad and Tobago,TTO,2015,58
Trinidad and Tobago,TTO,2016,58
Trinidad and Tobago,TTO,2017,59
Trinidad and Tobago,TTO,2018,65
Trinidad and Tobago,TTO,2019,70
Trinidad and Tobago,TTO,2020,65
Trinidad and Tobago,TTO,2021,65
Tunisia,TUN,2000,0
Tunisia,TUN,2001,9
Tunisia,TUN,2002,10
Tunisia,TUN,2003,11
Tunisia,TUN,2004,11
Tunisia,TUN,2005,12
Tunisia,TUN,2006,11
Tunisia,TUN,2007,11
Tunisia,TUN,2008,12
Tunisia,TUN,2009,13
Tunisia,TUN,2010,14
Tunisia,TUN,2011,15
Tunisia,TUN,2012,13
Tunisia,TUN,2013,14
Tunisia,TUN,2014,16
Tunisia,TUN,2015,17
Tunisia,TUN,2016,19
Tunisia,TUN,2017,20
Tunisia,TUN,2018,22
Tunisia,TUN,2019,26
Tunisia,TUN,2020,28
Tunisia,TUN,2021,29
Uganda,UGA,2000,0
Uganda,UGA,2001,1
Uganda,UGA,2002,1
Uganda,UGA,2003,2
Uganda,UGA,2004,5
Uganda,UGA,2005,9
Uganda,UGA,2006,9
Uganda,UGA,2007,11
Uganda,UGA,2008,15
Uganda,UGA,2009,18
Uganda,UGA,2010,22
Uganda,UGA,2011,25
Uganda,UGA,2012,34
Uganda,UGA,2013,44
Uganda,UGA,2014,54
Uganda,UGA,2015,58
Uganda,UGA,2016,65
Uganda,UGA,2017,73
Uganda,UGA,2018,77
Uganda,UGA,2019,80
Uganda,UGA,2020,81
Uganda,UGA,2021,82
Ukraine,UKR,2000,0
Ukraine,UKR,2001,0
Ukraine,UKR,2002,0
Ukraine,UKR,2003,0
Ukraine,UKR,2004,1
Ukraine,UKR,2005,1
Ukraine,UKR,2006,2
Ukraine,UKR,2007,3
Ukraine,UKR,2008,4
Ukraine,UKR,2009,7
Ukraine,UKR,2010,10
Ukraine,UKR,2011,12
Ukraine,UKR,2012,18
Ukraine,UKR,2013,24
Ukraine,UKR,2014,29
Ukraine,UKR,2015,29
Ukraine,UKR,2016,39
Ukraine,UKR,2017,45
Ukraine,UKR,2018,52
Ukraine,UKR,2019,57
Ukraine,UKR,2020,60
Ukraine,UKR,2021,62
Uruguay,URY,2000,13
Uruguay,URY,2001,15
Uruguay,URY,2002,17
Uruguay,URY,2003,19
Uruguay,URY,2004,20
Uruguay,URY,2005,22
Uruguay,URY,2006,25
Uruguay,URY,2007,26
Uruguay,URY,2008,26
Uruguay,URY,2009,26
Uruguay,URY,2010,35
Uruguay,URY,2011,36
Uruguay,URY,2012,35
Uruguay,URY,2013,53
Uruguay,URY,2014,54
Uruguay,URY,2015,55
Uruguay,URY,2016,55
Uruguay,URY,2017,58
Uruguay,URY,2018,64
Uruguay,URY,2019,65
Uruguay,URY,2020,64
Uzbekistan,UZB,2000,0
Uzbekistan,UZB,2001,0
Uzbekistan,UZB,2002,0
Uzbekistan,UZB,2003,0
Uzbekistan,UZB,2004,0
Uzbekistan,UZB,2005,0
Uzbekistan,UZB,2006,3
Uzbekistan,UZB,2007,6
Uzbekistan,UZB,2008,8
Uzbekistan,UZB,2009,10
Uzbekistan,UZB,2010,12
Uzbekistan,UZB,2011,15
Uzbekistan,UZB,2012,5
Uzbekistan,UZB,2013,12
Uzbekistan,UZB,2014,18
Uzbekistan,UZB,2015,33
Uzbekistan,UZB,2016,39
Uzbekistan,UZB,2017,47
Uzbekistan,UZB,2018,54
Uzbekistan,UZB,2019,51
Uzbekistan,UZB,2020,56
Uzbekistan,UZB,2021,51
Venezuela,VEN,2000,2
Venezuela,VEN,2001,5
Venezuela,VEN,2002,7
Venezuela,VEN,2003,9
Venezuela,VEN,2004,10
Venezuela,VEN,2005,12
Venezuela,VEN,2006,20
Venezuela,VEN,2007,22
Venezuela,VEN,2008,27
Venezuela,VEN,2009,32
Venezuela,VEN,2010,38
Venezuela,VEN,2011,40
Venezuela,VEN,2012,42
Venezuela,VEN,2013,42
Venezuela,VEN,2014,43
Venezuela,VEN,2015,58
Venezuela,VEN,2016,54
Venezuela,VEN,2017,42
Venezuela,VEN,2018,29
Venezuela,VEN,2019,47
Venezuela,VEN,2020,58
Venezuela,VEN,2021,58
Vietnam,VNM,2000,0
Vietnam,VNM,2001,0
Vietnam,VNM,2002,0
Vietnam,VNM,2003,0
Vietnam,VNM,2004,0
Vietnam,VNM,2005,2
Vietnam,VNM,2006,5
Vietnam,VNM,2007,9
Vietnam,VNM,2008,14
Vietnam,VNM,2009,19
Vietnam,VNM,2010,24
Vietnam,VNM,2011,29
Vietnam,VNM,2012,34
Vietnam,VNM,2013,38
Vietnam,VNM,2014,41
Vietnam,VNM,2015,48
Vietnam,VNM,2016,53
Vietnam,VNM,2017,59
Vietnam,VNM,2018,62
Vietnam,VNM,2019,66
Vietnam,VNM,2020,70
Vietnam,VNM,2021,72
World,OWID_WRL,2000,2
World,OWID_WRL,2001,3
World,OWID_WRL,2002,3
World,OWID_WRL,2003,4
World,OWID_WRL,2004,5
World,OWID_WRL,2005,7
World,OWID_WRL,2006,10
World,OWID_WRL,2007,13
World,OWID_WRL,2008,17
World,OWID_WRL,2009,21
World,OWID_WRL,2010,25
World,OWID_WRL,2011,30
World,OWID_WRL,2012,35
World,OWID_WRL,2013,40
World,OWID_WRL,2014,45
World,OWID_WRL,2015,50
World,OWID_WRL,2016,55
World,OWID_WRL,2017,60
World,OWID_WRL,2018,64
World,OWID_WRL,2019,68
World,OWID_WRL,2020,72
World,OWID_WRL,2021,75
Yemen,YEM,2000,0
Yemen,YEM,2001,0
Yemen,YEM,2002,0
Yemen,YEM,2003,0
Yemen,YEM,2004,0
Yemen,YEM,2005,0
Yemen,YEM,2006,0
Yemen,YEM,2007,2
Yemen,YEM,2008,5
Yemen,YEM,2009,6
Yemen,YEM,2010,11
Yemen,YEM,2011,12
Yemen,YEM,2012,13
Yemen,YEM,2013,15
Yemen,YEM,2014,19
Yemen,YEM,2015,20
Yemen,YEM,2016,24
Yemen,YEM,2017,25
Yemen,YEM,2018,27
Yemen,YEM,2019,29
Yemen,YEM,2020,30
Yemen,YEM,2021,31
Zambia,ZMB,2000,0
Zambia,ZMB,2001,0
Zambia,ZMB,2002,0
Zambia,ZMB,2003,2
Zambia,ZMB,2004,3
Zambia,ZMB,2005,6
Zambia,ZMB,2006,9
Zambia,ZMB,2007,17
Zambia,ZMB,2008,23
Zambia,ZMB,2009,29
Zambia,ZMB,2010,34
Zambia,ZMB,2011,40
Zambia,ZMB,2012,44
Zambia,ZMB,2013,50
Zambia,ZMB,2014,56
Zambia,ZMB,2015,63
Zambia,ZMB,2016,65
Zambia,ZMB,2017,68
Zambia,ZMB,2018,75
Zambia,ZMB,2019,83
Zambia,ZMB,2020,90
Zambia,ZMB,2021,90
Zimbabwe,ZWE,2000,0
Zimbabwe,ZWE,2001,0
Zimbabwe,ZWE,2002,0
Zimbabwe,ZWE,2003,0
Zimbabwe,ZWE,2004,1
Zimbabwe,ZWE,2005,2
Zimbabwe,ZWE,2006,5
Zimbabwe,ZWE,2007,8
Zimbabwe,ZWE,2008,12
Zimbabwe,ZWE,2009,18
Zimbabwe,ZWE,2010,29
Zimbabwe,ZWE,2011,39
Zimbabwe,ZWE,2012,45
Zimbabwe,ZWE,2013,52
Zimbabwe,ZWE,2014,58
Zimbabwe,ZWE,2015,64
Zimbabwe,ZWE,2016,70
Zimbabwe,ZWE,2017,79
Zimbabwe,ZWE,2018,82
Zimbabwe,ZWE,2019,87
Zimbabwe,ZWE,2020,91
Zimbabwe,ZWE,2021,91