Entity,Code,Year,"Patent applications, residents"
Albania,ALB,2011,3
Albania,ALB,2014,10
Albania,ALB,2015,14
Albania,ALB,2016,20
Albania,ALB,2017,16
Albania,ALB,2018,15
Albania,ALB,2019,4
Algeria,DZA,1980,5
Algeria,DZA,1981,14
Algeria,DZA,1982,14
Algeria,DZA,1983,30
Algeria,DZA,1984,30
Algeria,DZA,1988,5
Algeria,DZA,1989,4
Algeria,DZA,1990,6
Algeria,DZA,1991,6
Algeria,DZA,1992,10
Algeria,DZA,1993,8
Algeria,DZA,1994,27
Algeria,DZA,1995,28
Algeria,DZA,1996,50
Algeria,DZA,1997,34
Algeria,DZA,1998,42
Algeria,DZA,1999,36
Algeria,DZA,2000,32
Algeria,DZA,2001,51
Algeria,DZA,2002,43
Algeria,DZA,2003,30
Algeria,DZA,2004,58
Algeria,DZA,2005,59
Algeria,DZA,2006,58
Algeria,DZA,2007,84
Algeria,DZA,2010,76
Algeria,DZA,2011,94
Algeria,DZA,2012,119
Algeria,DZA,2013,118
Algeria,DZA,2014,94
Algeria,DZA,2015,89
Algeria,DZA,2016,106
Algeria,DZA,2017,149
Algeria,DZA,2018,152
Algeria,DZA,2019,113
Algeria,DZA,2020,163
Andorra,AND,2018,1
Andorra,AND,2019,3
Andorra,AND,2020,3
Angola,AGO,1992,4
Angola,AGO,2018,6
Angola,AGO,2019,2
Angola,AGO,2020,85
Antigua and Barbuda,ATG,2018,5
Argentina,ARG,1980,1269
Argentina,ARG,1981,954
Argentina,ARG,1982,951
Argentina,ARG,1983,1102
Argentina,ARG,1984,1182
Argentina,ARG,1990,955
Argentina,ARG,1991,943
Argentina,ARG,1992,503
Argentina,ARG,1993,787
Argentina,ARG,1994,694
Argentina,ARG,1995,676
Argentina,ARG,1996,1097
Argentina,ARG,1997,824
Argentina,ARG,1998,861
Argentina,ARG,1999,899
Argentina,ARG,2000,1062
Argentina,ARG,2001,691
Argentina,ARG,2002,718
Argentina,ARG,2003,792
Argentina,ARG,2004,786
Argentina,ARG,2005,1054
Argentina,ARG,2006,1020
Argentina,ARG,2007,937
Argentina,ARG,2008,801
Argentina,ARG,2009,640
Argentina,ARG,2010,552
Argentina,ARG,2011,688
Argentina,ARG,2012,735
Argentina,ARG,2013,643
Argentina,ARG,2014,509
Argentina,ARG,2015,546
Argentina,ARG,2016,884
Argentina,ARG,2017,393
Argentina,ARG,2018,425
Argentina,ARG,2019,442
Argentina,ARG,2020,930
Armenia,ARM,1993,184
Armenia,ARM,1994,154
Armenia,ARM,1995,187
Armenia,ARM,1996,162
Armenia,ARM,1997,62
Armenia,ARM,1998,75
Armenia,ARM,1999,109
Armenia,ARM,2000,119
Armenia,ARM,2001,140
Armenia,ARM,2002,200
Armenia,ARM,2003,151
Armenia,ARM,2005,206
Armenia,ARM,2006,192
Armenia,ARM,2007,135
Armenia,ARM,2008,226
Armenia,ARM,2009,116
Armenia,ARM,2010,136
Armenia,ARM,2011,121
Armenia,ARM,2012,137
Armenia,ARM,2013,125
Armenia,ARM,2014,121
Armenia,ARM,2015,113
Armenia,ARM,2016,125
Armenia,ARM,2017,107
Armenia,ARM,2018,101
Armenia,ARM,2019,112
Armenia,ARM,2020,63
Aruba,ABW,2002,1
Australia,AUS,1980,6582
Australia,AUS,1981,6341
Australia,AUS,1982,6603
Australia,AUS,1983,6930
Australia,AUS,1984,7170
Australia,AUS,1995,1784
Australia,AUS,1996,1797
Australia,AUS,1997,1760
Australia,AUS,1998,1862
Australia,AUS,1999,1858
Australia,AUS,2000,1928
Australia,AUS,2001,2187
Australia,AUS,2002,2364
Australia,AUS,2003,2418
Australia,AUS,2004,2559
Australia,AUS,2005,2555
Australia,AUS,2006,2837
Australia,AUS,2007,2718
Australia,AUS,2008,2821
Australia,AUS,2009,2494
Australia,AUS,2010,2409
Australia,AUS,2011,2383
Australia,AUS,2012,2627
Australia,AUS,2013,3061
Australia,AUS,2014,1988
Australia,AUS,2015,2291
Australia,AUS,2016,2620
Australia,AUS,2017,2503
Australia,AUS,2018,2757
Australia,AUS,2019,2637
Australia,AUS,2020,2368
Austria,AUT,1980,2327
Austria,AUT,1981,2390
Austria,AUT,1982,2233
Austria,AUT,1983,2345
Austria,AUT,1984,2324
Austria,AUT,1985,2269
Austria,AUT,1986,2210
Austria,AUT,1987,2249
Austria,AUT,1988,2212
Austria,AUT,1989,2105
Austria,AUT,1990,2025
Austria,AUT,1991,2076
Austria,AUT,1992,2117
Austria,AUT,1993,2190
Austria,AUT,1994,1989
Austria,AUT,1995,1728
Austria,AUT,1996,1909
Austria,AUT,1997,1910
Austria,AUT,1998,1957
Austria,AUT,1999,2028
Austria,AUT,2000,1961
Austria,AUT,2001,1815
Austria,AUT,2002,1932
Austria,AUT,2003,2120
Austria,AUT,2004,2248
Austria,AUT,2005,2270
Austria,AUT,2006,2271
Austria,AUT,2007,2385
Austria,AUT,2008,2298
Austria,AUT,2009,2263
Austria,AUT,2010,2424
Austria,AUT,2011,2154
Austria,AUT,2012,2258
Austria,AUT,2013,2162
Austria,AUT,2014,2092
Austria,AUT,2015,2205
Austria,AUT,2016,2078
Austria,AUT,2017,2073
Austria,AUT,2018,2039
Austria,AUT,2019,2066
Austria,AUT,2020,2124
Azerbaijan,AZE,1995,221
Azerbaijan,AZE,1996,165
Azerbaijan,AZE,2001,203
Azerbaijan,AZE,2002,234
Azerbaijan,AZE,2003,246
Azerbaijan,AZE,2004,270
Azerbaijan,AZE,2005,281
Azerbaijan,AZE,2006,246
Azerbaijan,AZE,2007,287
Azerbaijan,AZE,2008,226
Azerbaijan,AZE,2009,264
Azerbaijan,AZE,2010,254
Azerbaijan,AZE,2011,193
Azerbaijan,AZE,2012,144
Azerbaijan,AZE,2013,156
Azerbaijan,AZE,2014,168
Azerbaijan,AZE,2015,184
Azerbaijan,AZE,2016,144
Azerbaijan,AZE,2017,204
Azerbaijan,AZE,2018,155
Azerbaijan,AZE,2019,147
Azerbaijan,AZE,2020,90
Bahamas,BHS,1981,2
Bahamas,BHS,1982,3
Bahamas,BHS,1984,3
Bahamas,BHS,1985,3
Bahamas,BHS,1986,1
Bahamas,BHS,1988,4
Bahamas,BHS,1990,2
Bahamas,BHS,1991,1
Bahamas,BHS,1992,2
Bahamas,BHS,2012,3
Bahamas,BHS,2013,1
Bahamas,BHS,2014,1
Bahamas,BHS,2015,2
Bahamas,BHS,2016,3
Bahamas,BHS,2017,4
Bahrain,BHR,1981,1
Bahrain,BHR,2011,1
Bahrain,BHR,2012,3
Bahrain,BHR,2013,3
Bahrain,BHR,2014,6
Bahrain,BHR,2015,8
Bahrain,BHR,2016,6
Bahrain,BHR,2017,8
Bahrain,BHR,2018,11
Bahrain,BHR,2019,4
Bahrain,BHR,2020,7
Bangladesh,BGD,1980,34
Bangladesh,BGD,1981,39
Bangladesh,BGD,1982,40
Bangladesh,BGD,1983,40
Bangladesh,BGD,1984,62
Bangladesh,BGD,1985,40
Bangladesh,BGD,1986,16
Bangladesh,BGD,1987,23
Bangladesh,BGD,1988,24
Bangladesh,BGD,1989,32
Bangladesh,BGD,1990,32
Bangladesh,BGD,1991,36
Bangladesh,BGD,1992,72
Bangladesh,BGD,1993,36
Bangladesh,BGD,1994,39
Bangladesh,BGD,1995,70
Bangladesh,BGD,1996,22
Bangladesh,BGD,1997,46
Bangladesh,BGD,1998,32
Bangladesh,BGD,1999,49
Bangladesh,BGD,2000,70
Bangladesh,BGD,2001,59
Bangladesh,BGD,2002,43
Bangladesh,BGD,2003,58
Bangladesh,BGD,2004,48
Bangladesh,BGD,2005,50
Bangladesh,BGD,2006,22
Bangladesh,BGD,2007,29
Bangladesh,BGD,2008,60
Bangladesh,BGD,2009,55
Bangladesh,BGD,2010,66
Bangladesh,BGD,2011,37
Bangladesh,BGD,2012,67
Bangladesh,BGD,2013,60
Bangladesh,BGD,2014,44
Bangladesh,BGD,2015,41
Bangladesh,BGD,2016,77
Bangladesh,BGD,2017,61
Bangladesh,BGD,2018,69
Bangladesh,BGD,2019,68
Bangladesh,BGD,2020,40
Barbados,BRB,1984,3
Barbados,BRB,2003,2
Barbados,BRB,2007,3
Barbados,BRB,2008,1
Barbados,BRB,2013,3
Barbados,BRB,2014,1
Barbados,BRB,2020,29
Belarus,BLR,1993,828
Belarus,BLR,1994,683
Belarus,BLR,1995,624
Belarus,BLR,1996,698
Belarus,BLR,1997,752
Belarus,BLR,1998,910
Belarus,BLR,1999,993
Belarus,BLR,2000,994
Belarus,BLR,2001,930
Belarus,BLR,2002,895
Belarus,BLR,2003,1082
Belarus,BLR,2004,1065
Belarus,BLR,2005,1166
Belarus,BLR,2006,1188
Belarus,BLR,2007,1405
Belarus,BLR,2008,1510
Belarus,BLR,2009,1753
Belarus,BLR,2010,1759
Belarus,BLR,2011,1725
Belarus,BLR,2012,1681
Belarus,BLR,2013,1489
Belarus,BLR,2014,652
Belarus,BLR,2015,543
Belarus,BLR,2016,455
Belarus,BLR,2017,434
Belarus,BLR,2018,453
Belarus,BLR,2019,298
Belarus,BLR,2020,317
Belgium,BEL,1980,865
Belgium,BEL,1981,806
Belgium,BEL,1982,914
Belgium,BEL,1983,805
Belgium,BEL,1984,869
Belgium,BEL,1985,771
Belgium,BEL,1986,794
Belgium,BEL,1987,548
Belgium,BEL,1988,636
Belgium,BEL,1989,681
Belgium,BEL,1990,643
Belgium,BEL,1991,625
Belgium,BEL,1992,675
Belgium,BEL,1993,809
Belgium,BEL,1994,744
Belgium,BEL,1995,732
Belgium,BEL,1996,776
Belgium,BEL,1997,792
Belgium,BEL,1998,690
Belgium,BEL,1999,591
Belgium,BEL,2000,577
Belgium,BEL,2001,571
Belgium,BEL,2002,601
Belgium,BEL,2003,519
Belgium,BEL,2004,514
Belgium,BEL,2005,517
Belgium,BEL,2006,490
Belgium,BEL,2007,454
Belgium,BEL,2008,575
Belgium,BEL,2009,669
Belgium,BEL,2010,620
Belgium,BEL,2011,636
Belgium,BEL,2012,755
Belgium,BEL,2013,715
Belgium,BEL,2014,889
Belgium,BEL,2015,949
Belgium,BEL,2016,1054
Belgium,BEL,2017,1001
Belgium,BEL,2018,892
Belgium,BEL,2019,876
Belgium,BEL,2020,862
Belize,BLZ,2006,1
Bhutan,BTN,2012,3
Bhutan,BTN,2013,3
Bhutan,BTN,2015,1
Bhutan,BTN,2016,4
Bhutan,BTN,2018,1
Bhutan,BTN,2019,1
Bolivia,BOL,1980,8
Bolivia,BOL,1981,12
Bolivia,BOL,1982,18
Bolivia,BOL,1983,11
Bolivia,BOL,1984,4
Bolivia,BOL,1985,5
Bolivia,BOL,1993,26
Bolivia,BOL,1994,28
Bolivia,BOL,1995,17
Bolivia,BOL,2014,9
Bolivia,BOL,2016,12
Bolivia,BOL,2017,59
Bosnia and Herzegovina,BIH,1999,23
Bosnia and Herzegovina,BIH,2000,31
Bosnia and Herzegovina,BIH,2001,52
Bosnia and Herzegovina,BIH,2003,32
Bosnia and Herzegovina,BIH,2004,50
Bosnia and Herzegovina,BIH,2005,66
Bosnia and Herzegovina,BIH,2006,55
Bosnia and Herzegovina,BIH,2008,59
Bosnia and Herzegovina,BIH,2010,56
Bosnia and Herzegovina,BIH,2011,43
Bosnia and Herzegovina,BIH,2012,2
Bosnia and Herzegovina,BIH,2013,7
Bosnia and Herzegovina,BIH,2014,41
Bosnia and Herzegovina,BIH,2016,60
Bosnia and Herzegovina,BIH,2017,87
Bosnia and Herzegovina,BIH,2018,84
Bosnia and Herzegovina,BIH,2019,45
Bosnia and Herzegovina,BIH,2020,50
Botswana,BWA,2011,1
Botswana,BWA,2012,5
Botswana,BWA,2013,8
Botswana,BWA,2014,4
Botswana,BWA,2015,3
Botswana,BWA,2016,1
Botswana,BWA,2017,3
Botswana,BWA,2019,2
Botswana,BWA,2020,2
Brazil,BRA,1980,2149
Brazil,BRA,1981,2171
Brazil,BRA,1982,2116
Brazil,BRA,1983,2302
Brazil,BRA,1984,2062
Brazil,BRA,1985,1954
Brazil,BRA,1986,1855
Brazil,BRA,1987,2451
Brazil,BRA,1988,2338
Brazil,BRA,1989,2323
Brazil,BRA,1990,2389
Brazil,BRA,1991,2319
Brazil,BRA,1992,2100
Brazil,BRA,1993,2429
Brazil,BRA,1994,2269
Brazil,BRA,1995,2707
Brazil,BRA,1996,2611
Brazil,BRA,1997,2756
Brazil,BRA,1998,2491
Brazil,BRA,1999,2816
Brazil,BRA,2000,3179
Brazil,BRA,2001,3439
Brazil,BRA,2002,3481
Brazil,BRA,2003,3866
Brazil,BRA,2004,4044
Brazil,BRA,2005,4054
Brazil,BRA,2006,3956
Brazil,BRA,2007,4194
Brazil,BRA,2008,4280
Brazil,BRA,2009,4271
Brazil,BRA,2010,4228
Brazil,BRA,2011,4695
Brazil,BRA,2012,4798
Brazil,BRA,2013,4959
Brazil,BRA,2014,4659
Brazil,BRA,2015,4641
Brazil,BRA,2016,5200
Brazil,BRA,2017,5480
Brazil,BRA,2018,4980
Brazil,BRA,2019,5464
Brazil,BRA,2020,5280
Brunei,BRN,2012,20
Brunei,BRN,2013,20
Brunei,BRN,2014,26
Brunei,BRN,2016,16
Brunei,BRN,2017,8
Brunei,BRN,2018,26
Brunei,BRN,2019,8
Brunei,BRN,2020,5
Bulgaria,BGR,1980,3297
Bulgaria,BGR,1981,3673
Bulgaria,BGR,1982,3628
Bulgaria,BGR,1983,3811
Bulgaria,BGR,1984,3843
Bulgaria,BGR,1985,2
Bulgaria,BGR,1986,1
Bulgaria,BGR,1987,3
Bulgaria,BGR,1988,6
Bulgaria,BGR,1989,63
Bulgaria,BGR,1990,198
Bulgaria,BGR,1991,422
Bulgaria,BGR,1992,329
Bulgaria,BGR,1993,412
Bulgaria,BGR,1994,319
Bulgaria,BGR,1995,368
Bulgaria,BGR,1996,316
Bulgaria,BGR,1997,394
Bulgaria,BGR,1998,274
Bulgaria,BGR,1999,282
Bulgaria,BGR,2000,231
Bulgaria,BGR,2001,283
Bulgaria,BGR,2002,289
Bulgaria,BGR,2003,278
Bulgaria,BGR,2004,263
Bulgaria,BGR,2005,261
Bulgaria,BGR,2006,243
Bulgaria,BGR,2007,211
Bulgaria,BGR,2008,249
Bulgaria,BGR,2009,242
Bulgaria,BGR,2010,243
Bulgaria,BGR,2011,262
Bulgaria,BGR,2012,245
Bulgaria,BGR,2013,282
Bulgaria,BGR,2014,218
Bulgaria,BGR,2015,280
Bulgaria,BGR,2016,230
Bulgaria,BGR,2017,202
Bulgaria,BGR,2018,180
Bulgaria,BGR,2019,186
Bulgaria,BGR,2020,239
Burkina Faso,BFA,1998,2
Burkina Faso,BFA,1999,4
Burkina Faso,BFA,2000,2
Burkina Faso,BFA,2003,1
Burkina Faso,BFA,2004,2
Burkina Faso,BFA,2005,1
Burkina Faso,BFA,2010,2
Burundi,BDI,1989,1
Burundi,BDI,1996,1
Burundi,BDI,2017,3
Burundi,BDI,2018,2
Burundi,BDI,2020,2
Cambodia,KHM,2013,1
Cambodia,KHM,2014,2
Cambodia,KHM,2016,3
Cambodia,KHM,2018,1
Canada,CAN,1980,1648
Canada,CAN,1981,2164
Canada,CAN,1982,2000
Canada,CAN,1983,2017
Canada,CAN,1984,2026
Canada,CAN,1985,2092
Canada,CAN,1986,2161
Canada,CAN,1987,2527
Canada,CAN,1988,2772
Canada,CAN,1989,3031
Canada,CAN,1990,2549
Canada,CAN,1991,2182
Canada,CAN,1992,2807
Canada,CAN,1993,3623
Canada,CAN,1994,2480
Canada,CAN,1995,2431
Canada,CAN,1996,2583
Canada,CAN,1997,3344
Canada,CAN,1998,3809
Canada,CAN,1999,4061
Canada,CAN,2000,4187
Canada,CAN,2001,3963
Canada,CAN,2002,3959
Canada,CAN,2003,3929
Canada,CAN,2004,5231
Canada,CAN,2005,5183
Canada,CAN,2006,5522
Canada,CAN,2007,4998
Canada,CAN,2008,5061
Canada,CAN,2009,5067
Canada,CAN,2010,4550
Canada,CAN,2011,4754
Canada,CAN,2012,4709
Canada,CAN,2013,4567
Canada,CAN,2014,4198
Canada,CAN,2015,4277
Canada,CAN,2016,4078
Canada,CAN,2017,4053
Canada,CAN,2018,4349
Canada,CAN,2019,4238
Canada,CAN,2020,4452
Cape Verde,CPV,2016,2
Cape Verde,CPV,2017,2
Cape Verde,CPV,2018,3
Cape Verde,CPV,2020,1
Chile,CHL,1980,140
Chile,CHL,1981,92
Chile,CHL,1982,96
Chile,CHL,1983,96
Chile,CHL,1984,105
Chile,CHL,1985,122
Chile,CHL,1986,96
Chile,CHL,1987,108
Chile,CHL,1988,111
Chile,CHL,1989,135
Chile,CHL,1990,169
Chile,CHL,1991,151
Chile,CHL,1992,178
Chile,CHL,1993,155
Chile,CHL,1994,219
Chile,CHL,1995,171
Chile,CHL,1996,176
Chile,CHL,1997,161
Chile,CHL,1998,207
Chile,CHL,1999,204
Chile,CHL,2000,241
Chile,CHL,2001,246
Chile,CHL,2002,391
Chile,CHL,2003,329
Chile,CHL,2004,382
Chile,CHL,2005,361
Chile,CHL,2006,291
Chile,CHL,2007,403
Chile,CHL,2008,531
Chile,CHL,2009,343
Chile,CHL,2010,328
Chile,CHL,2011,339
Chile,CHL,2012,336
Chile,CHL,2013,340
Chile,CHL,2014,452
Chile,CHL,2015,443
Chile,CHL,2016,386
Chile,CHL,2017,425
Chile,CHL,2018,406
Chile,CHL,2019,438
Chile,CHL,2020,372
China,CHN,1985,4065
China,CHN,1986,3494
China,CHN,1987,3975
China,CHN,1988,4780
China,CHN,1989,4749
China,CHN,1990,5832
China,CHN,1991,7372
China,CHN,1992,10022
China,CHN,1993,12084
China,CHN,1994,11191
China,CHN,1995,10011
China,CHN,1996,11628
China,CHN,1997,12672
China,CHN,1998,13751
China,CHN,1999,15626
China,CHN,2000,25346
China,CHN,2001,30038
China,CHN,2002,39806
China,CHN,2003,56769
China,CHN,2004,65786
China,CHN,2005,93485
China,CHN,2006,122318
China,CHN,2007,153060
China,CHN,2008,194579
China,CHN,2009,229096
China,CHN,2010,293066
China,CHN,2011,415829
China,CHN,2012,535313
China,CHN,2013,704936
China,CHN,2014,801135
China,CHN,2015,968252
China,CHN,2016,1204981
China,CHN,2017,1245709
China,CHN,2018,1393815
China,CHN,2019,1243568
China,CHN,2020,1344817
Colombia,COL,1980,43
Colombia,COL,1981,39
Colombia,COL,1983,82
Colombia,COL,1984,69
Colombia,COL,1985,72
Colombia,COL,1986,81
Colombia,COL,1987,52
Colombia,COL,1988,85
Colombia,COL,1989,90
Colombia,COL,1991,85
Colombia,COL,1992,120
Colombia,COL,1993,138
Colombia,COL,1994,124
Colombia,COL,1995,141
Colombia,COL,1996,87
Colombia,COL,1997,80
Colombia,COL,1998,161
Colombia,COL,1999,68
Colombia,COL,2000,75
Colombia,COL,2001,65
Colombia,COL,2002,54
Colombia,COL,2003,82
Colombia,COL,2004,76
Colombia,COL,2005,99
Colombia,COL,2006,142
Colombia,COL,2007,128
Colombia,COL,2008,126
Colombia,COL,2009,128
Colombia,COL,2010,133
Colombia,COL,2011,183
Colombia,COL,2012,213
Colombia,COL,2013,251
Colombia,COL,2014,260
Colombia,COL,2015,321
Colombia,COL,2016,545
Colombia,COL,2017,595
Colombia,COL,2018,415
Colombia,COL,2019,422
Colombia,COL,2020,369
Congo,COG,1986,5
Congo,COG,1988,19
Costa Rica,CRI,1980,30
Costa Rica,CRI,1981,41
Costa Rica,CRI,1982,39
Costa Rica,CRI,1983,16
Costa Rica,CRI,1984,24
Costa Rica,CRI,1985,16
Costa Rica,CRI,1986,11
Costa Rica,CRI,1987,10
Costa Rica,CRI,1988,10
Costa Rica,CRI,1989,13
Costa Rica,CRI,1990,15
Costa Rica,CRI,1991,63
Costa Rica,CRI,1992,18
Costa Rica,CRI,1993,27
Costa Rica,CRI,1994,32
Costa Rica,CRI,1995,25
Costa Rica,CRI,1996,23
Costa Rica,CRI,1997,25
Costa Rica,CRI,1998,22
Costa Rica,CRI,1999,31
Costa Rica,CRI,2000,28
Costa Rica,CRI,2001,21
Costa Rica,CRI,2002,23
Costa Rica,CRI,2003,33
Costa Rica,CRI,2004,26
Costa Rica,CRI,2005,17
Costa Rica,CRI,2006,22
Costa Rica,CRI,2007,20
Costa Rica,CRI,2008,24
Costa Rica,CRI,2009,16
Costa Rica,CRI,2010,8
Costa Rica,CRI,2011,13
Costa Rica,CRI,2012,9
Costa Rica,CRI,2013,18
Costa Rica,CRI,2014,15
Costa Rica,CRI,2015,17
Costa Rica,CRI,2016,9
Costa Rica,CRI,2017,19
Costa Rica,CRI,2018,8
Costa Rica,CRI,2019,16
Costa Rica,CRI,2020,12
Cote d'Ivoire,CIV,2012,26
Croatia,HRV,1992,479
Croatia,HRV,1993,503
Croatia,HRV,1994,277
Croatia,HRV,1995,265
Croatia,HRV,1996,259
Croatia,HRV,1997,273
Croatia,HRV,1998,267
Croatia,HRV,1999,246
Croatia,HRV,2000,337
Croatia,HRV,2001,362
Croatia,HRV,2002,328
Croatia,HRV,2003,387
Croatia,HRV,2004,385
Croatia,HRV,2005,363
Croatia,HRV,2006,317
Croatia,HRV,2007,344
Croatia,HRV,2008,330
Croatia,HRV,2009,250
Croatia,HRV,2010,257
Croatia,HRV,2011,230
Croatia,HRV,2012,217
Croatia,HRV,2013,230
Croatia,HRV,2014,170
Croatia,HRV,2015,169
Croatia,HRV,2016,175
Croatia,HRV,2017,148
Croatia,HRV,2018,121
Croatia,HRV,2019,195
Croatia,HRV,2020,117
Cuba,CUB,1980,129
Cuba,CUB,1981,122
Cuba,CUB,1982,183
Cuba,CUB,1983,166
Cuba,CUB,1984,214
Cuba,CUB,1992,1
Cuba,CUB,1993,1
Cuba,CUB,1994,121
Cuba,CUB,1995,104
Cuba,CUB,1996,83
Cuba,CUB,1997,109
Cuba,CUB,1999,110
Cuba,CUB,2005,105
Cuba,CUB,2006,94
Cuba,CUB,2007,74
Cuba,CUB,2008,69
Cuba,CUB,2009,59
Cuba,CUB,2011,62
Cuba,CUB,2012,38
Cuba,CUB,2013,27
Cuba,CUB,2014,24
Cuba,CUB,2016,32
Cuba,CUB,2017,29
Cuba,CUB,2018,29
Cuba,CUB,2019,27
Cuba,CUB,2020,33
Cyprus,CYP,1980,1
Cyprus,CYP,1983,2
Cyprus,CYP,1984,2
Cyprus,CYP,2003,12
Cyprus,CYP,2004,9
Cyprus,CYP,2005,20
Cyprus,CYP,2007,3
Cyprus,CYP,2008,11
Cyprus,CYP,2009,6
Cyprus,CYP,2010,4
Cyprus,CYP,2012,4
Cyprus,CYP,2013,2
Cyprus,CYP,2014,4
Cyprus,CYP,2015,6
Cyprus,CYP,2016,3
Cyprus,CYP,2017,8
Cyprus,CYP,2018,4
Cyprus,CYP,2019,4
Cyprus,CYP,2020,2
Czechia,CZE,1993,893
Czechia,CZE,1994,756
Czechia,CZE,1995,626
Czechia,CZE,1996,614
Czechia,CZE,1997,579
Czechia,CZE,1998,624
Czechia,CZE,1999,596
Czechia,CZE,2000,555
Czechia,CZE,2001,568
Czechia,CZE,2002,526
Czechia,CZE,2003,625
Czechia,CZE,2004,623
Czechia,CZE,2005,586
Czechia,CZE,2006,641
Czechia,CZE,2007,716
Czechia,CZE,2008,712
Czechia,CZE,2009,789
Czechia,CZE,2010,868
Czechia,CZE,2011,783
Czechia,CZE,2012,867
Czechia,CZE,2013,984
Czechia,CZE,2014,910
Czechia,CZE,2015,880
Czechia,CZE,2016,792
Czechia,CZE,2017,794
Czechia,CZE,2018,678
Czechia,CZE,2019,765
Czechia,CZE,2020,673
Democratic Republic of Congo,COD,2018,44
Democratic Republic of Congo,COD,2019,42
Democratic Republic of Congo,COD,2020,72
Denmark,DNK,1980,964
Denmark,DNK,1981,1085
Denmark,DNK,1982,1095
Denmark,DNK,1983,1167
Denmark,DNK,1984,966
Denmark,DNK,1985,856
Denmark,DNK,1986,958
Denmark,DNK,1987,1007
Denmark,DNK,1988,1197
Denmark,DNK,1989,1120
Denmark,DNK,1990,1218
Denmark,DNK,1991,1061
Denmark,DNK,1992,1204
Denmark,DNK,1993,1159
Denmark,DNK,1994,1274
Denmark,DNK,1995,1234
Denmark,DNK,1996,1309
Denmark,DNK,1997,1319
Denmark,DNK,1998,1543
Denmark,DNK,1999,1656
Denmark,DNK,2000,1730
Denmark,DNK,2001,1757
Denmark,DNK,2002,1815
Denmark,DNK,2003,1772
Denmark,DNK,2004,1877
Denmark,DNK,2005,1658
Denmark,DNK,2006,1503
Denmark,DNK,2007,1660
Denmark,DNK,2008,1634
Denmark,DNK,2009,1518
Denmark,DNK,2010,1626
Denmark,DNK,2011,1574
Denmark,DNK,2012,1406
Denmark,DNK,2013,1341
Denmark,DNK,2014,1377
Denmark,DNK,2015,1462
Denmark,DNK,2016,1552
Denmark,DNK,2017,1490
Denmark,DNK,2018,1262
Denmark,DNK,2019,1351
Denmark,DNK,2020,1261
Djibouti,DJI,2013,1
Dominican Republic,DOM,1983,25
Dominican Republic,DOM,1986,14
Dominican Republic,DOM,2000,5
Dominican Republic,DOM,2001,11
Dominican Republic,DOM,2002,11
Dominican Republic,DOM,2003,18
Dominican Republic,DOM,2004,24
Dominican Republic,DOM,2005,8
Dominican Republic,DOM,2006,15
Dominican Republic,DOM,2007,34
Dominican Republic,DOM,2008,8
Dominican Republic,DOM,2009,17
Dominican Republic,DOM,2010,15
Dominican Republic,DOM,2011,15
Dominican Republic,DOM,2012,19
Dominican Republic,DOM,2013,12
Dominican Republic,DOM,2014,16
Dominican Republic,DOM,2015,25
Dominican Republic,DOM,2016,28
Dominican Republic,DOM,2017,20
Dominican Republic,DOM,2018,17
Dominican Republic,DOM,2019,23
Dominican Republic,DOM,2020,10
East Asia and Pacific (WB),,1980,174842
East Asia and Pacific (WB),,1981,8816
East Asia and Pacific (WB),,1982,9335
East Asia and Pacific (WB),,1983,237536
East Asia and Pacific (WB),,1984,266660
East Asia and Pacific (WB),,1985,282371
East Asia and Pacific (WB),,1986,298506
East Asia and Pacific (WB),,1987,321054
East Asia and Pacific (WB),,1988,320456
East Asia and Pacific (WB),,1989,330514
East Asia and Pacific (WB),,1990,349337
East Asia and Pacific (WB),,1991,357989
East Asia and Pacific (WB),,1992,365512
East Asia and Pacific (WB),,1993,367734
East Asia and Pacific (WB),,1994,361691
East Asia and Pacific (WB),,1995,407756
East Asia and Pacific (WB),,1996,424249
East Asia and Pacific (WB),,1997,435329
East Asia and Pacific (WB),,1998,428311
East Asia and Pacific (WB),,1999,436757
East Asia and Pacific (WB),,2000,490611
East Asia and Pacific (WB),,2001,496382
East Asia and Pacific (WB),,2002,492283
East Asia and Pacific (WB),,2003,512027
East Asia and Pacific (WB),,2004,546382
East Asia and Pacific (WB),,2005,596811
East Asia and Pacific (WB),,2006,609378
East Asia and Pacific (WB),,2007,629917
East Asia and Pacific (WB),,2008,659377
East Asia and Pacific (WB),,2009,667812
East Asia and Pacific (WB),,2010,731535
East Asia and Pacific (WB),,2011,857546
East Asia and Pacific (WB),,2012,986823
East Asia and Pacific (WB),,2013,1146947
East Asia and Pacific (WB),,2014,1240339
East Asia and Pacific (WB),,2015,1403980
East Asia and Pacific (WB),,2016,1638504
East Asia and Pacific (WB),,2017,1684097
East Asia and Pacific (WB),,2018,1828229
East Asia and Pacific (WB),,2019,1679298
East Asia and Pacific (WB),,2020,1769228
Ecuador,ECU,1980,35
Ecuador,ECU,1981,14
Ecuador,ECU,1982,22
Ecuador,ECU,1983,24
Ecuador,ECU,1984,24
Ecuador,ECU,1986,27
Ecuador,ECU,1987,21
Ecuador,ECU,1988,24
Ecuador,ECU,1989,26
Ecuador,ECU,1991,13
Ecuador,ECU,1992,23
Ecuador,ECU,1993,21
Ecuador,ECU,1994,4
Ecuador,ECU,1995,8
Ecuador,ECU,1996,7
Ecuador,ECU,1997,8
Ecuador,ECU,1999,15
Ecuador,ECU,2000,10
Ecuador,ECU,2001,7
Ecuador,ECU,2002,13
Ecuador,ECU,2003,7
Ecuador,ECU,2004,14
Ecuador,ECU,2005,11
Ecuador,ECU,2006,8
Ecuador,ECU,2007,4
Ecuador,ECU,2008,2
Ecuador,ECU,2009,6
Ecuador,ECU,2010,4
Ecuador,ECU,2013,7
Ecuador,ECU,2014,24
Ecuador,ECU,2015,20
Ecuador,ECU,2016,45
Ecuador,ECU,2017,16
Ecuador,ECU,2018,34
Ecuador,ECU,2019,29
Ecuador,ECU,2020,33
Egypt,EGY,1980,76
Egypt,EGY,1981,59
Egypt,EGY,1982,53
Egypt,EGY,1983,88
Egypt,EGY,1984,128
Egypt,EGY,1985,168
Egypt,EGY,1986,142
Egypt,EGY,1987,170
Egypt,EGY,1988,190
Egypt,EGY,1989,186
Egypt,EGY,1990,278
Egypt,EGY,1991,308
Egypt,EGY,1992,301
Egypt,EGY,1993,328
Egypt,EGY,1994,308
Egypt,EGY,1995,408
Egypt,EGY,1996,504
Egypt,EGY,1998,494
Egypt,EGY,1999,536
Egypt,EGY,2000,534
Egypt,EGY,2001,464
Egypt,EGY,2002,627
Egypt,EGY,2003,493
Egypt,EGY,2004,382
Egypt,EGY,2005,428
Egypt,EGY,2007,516
Egypt,EGY,2008,481
Egypt,EGY,2009,490
Egypt,EGY,2010,605
Egypt,EGY,2011,618
Egypt,EGY,2012,683
Egypt,EGY,2013,641
Egypt,EGY,2014,752
Egypt,EGY,2015,718
Egypt,EGY,2016,920
Egypt,EGY,2017,1025
Egypt,EGY,2018,997
Egypt,EGY,2019,1027
Egypt,EGY,2020,978
El Salvador,SLV,1980,12
El Salvador,SLV,1982,22
El Salvador,SLV,1983,39
El Salvador,SLV,1984,31
El Salvador,SLV,1985,16
El Salvador,SLV,1989,19
El Salvador,SLV,1990,10
El Salvador,SLV,1991,10
El Salvador,SLV,1992,11
El Salvador,SLV,1993,10
El Salvador,SLV,1994,10
El Salvador,SLV,1995,3
El Salvador,SLV,2015,7
El Salvador,SLV,2016,4
El Salvador,SLV,2017,4
El Salvador,SLV,2018,3
El Salvador,SLV,2019,1
El Salvador,SLV,2020,4
Estonia,EST,1994,16
Estonia,EST,1995,16
Estonia,EST,1996,12
Estonia,EST,1997,15
Estonia,EST,1998,20
Estonia,EST,1999,13
Estonia,EST,2000,13
Estonia,EST,2001,18
Estonia,EST,2002,19
Estonia,EST,2003,18
Estonia,EST,2004,27
Estonia,EST,2005,23
Estonia,EST,2006,36
Estonia,EST,2007,44
Estonia,EST,2008,62
Estonia,EST,2009,76
Estonia,EST,2010,84
Estonia,EST,2011,62
Estonia,EST,2012,20
Estonia,EST,2013,25
Estonia,EST,2014,44
Estonia,EST,2015,30
Estonia,EST,2016,29
Estonia,EST,2017,37
Estonia,EST,2018,24
Estonia,EST,2019,31
Estonia,EST,2020,21
Ethiopia,ETH,1996,3
Ethiopia,ETH,2000,3
Ethiopia,ETH,2002,1
Ethiopia,ETH,2003,3
Ethiopia,ETH,2004,1
Ethiopia,ETH,2005,1
Ethiopia,ETH,2006,5
Ethiopia,ETH,2007,12
Ethiopia,ETH,2011,4
Ethiopia,ETH,2013,1
Ethiopia,ETH,2014,2
Ethiopia,ETH,2015,18
Ethiopia,ETH,2016,10
Ethiopia,ETH,2017,14
Ethiopia,ETH,2018,13
Ethiopia,ETH,2020,6
Europe and Central Asia (WB),,1980,99430
Europe and Central Asia (WB),,1981,93973
Europe and Central Asia (WB),,1982,95118
Europe and Central Asia (WB),,1983,97368
Europe and Central Asia (WB),,1984,97815
Europe and Central Asia (WB),,1985,98000
Europe and Central Asia (WB),,1986,96472
Europe and Central Asia (WB),,1987,97601
Europe and Central Asia (WB),,1988,100976
Europe and Central Asia (WB),,1989,96217
Europe and Central Asia (WB),,1990,90542
Europe and Central Asia (WB),,1991,112316
Europe and Central Asia (WB),,1992,161722
Europe and Central Asia (WB),,1993,166245
Europe and Central Asia (WB),,1994,153787
Europe and Central Asia (WB),,1995,142426
Europe and Central Asia (WB),,1996,163870
Europe and Central Asia (WB),,1997,161961
Europe and Central Asia (WB),,1998,171753
Europe and Central Asia (WB),,1999,191401
Europe and Central Asia (WB),,2000,204843
Europe and Central Asia (WB),,2001,200690
Europe and Central Asia (WB),,2002,190235
Europe and Central Asia (WB),,2003,196039
Europe and Central Asia (WB),,2004,199480
Europe and Central Asia (WB),,2005,200131
Europe and Central Asia (WB),,2006,205797
Europe and Central Asia (WB),,2007,219661
Europe and Central Asia (WB),,2008,224231
Europe and Central Asia (WB),,2009,217062
Europe and Central Asia (WB),,2010,227012
Europe and Central Asia (WB),,2011,222070
Europe and Central Asia (WB),,2012,223012
Europe and Central Asia (WB),,2013,225391
Europe and Central Asia (WB),,2014,221770
Europe and Central Asia (WB),,2015,218330
Europe and Central Asia (WB),,2016,224785
Europe and Central Asia (WB),,2017,222576
Europe and Central Asia (WB),,2018,223725
Europe and Central Asia (WB),,2019,221382
Europe and Central Asia (WB),,2020,215964
Fiji,FJI,1980,2
Finland,FIN,1980,1356
Finland,FIN,1981,1423
Finland,FIN,1982,1638
Finland,FIN,1983,1719
Finland,FIN,1984,1775
Finland,FIN,1985,1727
Finland,FIN,1986,1754
Finland,FIN,1987,1859
Finland,FIN,1988,1981
Finland,FIN,1989,1948
Finland,FIN,1990,2059
Finland,FIN,1991,2123
Finland,FIN,1992,2052
Finland,FIN,1993,2166
Finland,FIN,1994,2306
Finland,FIN,1995,2058
Finland,FIN,1996,2179
Finland,FIN,1997,2355
Finland,FIN,1998,2471
Finland,FIN,1999,2511
Finland,FIN,2000,2579
Finland,FIN,2001,2390
Finland,FIN,2002,2162
Finland,FIN,2003,1972
Finland,FIN,2004,2011
Finland,FIN,2005,1830
Finland,FIN,2006,1816
Finland,FIN,2007,1804
Finland,FIN,2008,1799
Finland,FIN,2009,1806
Finland,FIN,2010,1731
Finland,FIN,2011,1650
Finland,FIN,2012,1698
Finland,FIN,2013,1596
Finland,FIN,2014,1419
Finland,FIN,2015,1289
Finland,FIN,2016,1260
Finland,FIN,2017,1390
Finland,FIN,2018,1387
Finland,FIN,2019,1321
Finland,FIN,2020,1588
France,FRA,1980,11000
France,FRA,1981,10945
France,FRA,1982,10681
France,FRA,1983,11147
France,FRA,1984,11333
France,FRA,1985,12050
France,FRA,1986,12155
France,FRA,1987,12695
France,FRA,1988,12437
France,FRA,1989,12592
France,FRA,1990,12378
France,FRA,1991,12597
France,FRA,1992,12539
France,FRA,1993,12638
France,FRA,1994,12519
France,FRA,1995,12419
France,FRA,1996,12916
France,FRA,1997,13252
France,FRA,1998,13251
France,FRA,1999,13592
France,FRA,2000,13870
France,FRA,2001,13499
France,FRA,2002,13519
France,FRA,2003,13511
France,FRA,2004,14230
France,FRA,2005,14327
France,FRA,2006,14529
France,FRA,2007,14722
France,FRA,2008,14658
France,FRA,2009,14100
France,FRA,2010,14748
France,FRA,2011,14655
France,FRA,2012,14540
France,FRA,2013,14690
France,FRA,2014,14500
France,FRA,2015,14306
France,FRA,2016,14206
France,FRA,2017,14415
France,FRA,2018,14303
France,FRA,2019,14103
France,FRA,2020,12771
Georgia,GEO,1992,365
Georgia,GEO,1993,502
Georgia,GEO,1994,386
Georgia,GEO,1995,287
Georgia,GEO,1996,288
Georgia,GEO,1997,263
Georgia,GEO,1998,277
Georgia,GEO,1999,265
Georgia,GEO,2000,232
Georgia,GEO,2001,254
Georgia,GEO,2002,194
Georgia,GEO,2003,195
Georgia,GEO,2004,249
Georgia,GEO,2005,225
Georgia,GEO,2006,236
Georgia,GEO,2007,248
Georgia,GEO,2008,222
Georgia,GEO,2009,256
Georgia,GEO,2010,183
Georgia,GEO,2011,138
Georgia,GEO,2012,139
Georgia,GEO,2013,114
Georgia,GEO,2014,110
Georgia,GEO,2015,99
Georgia,GEO,2016,96
Georgia,GEO,2017,75
Georgia,GEO,2018,103
Georgia,GEO,2019,85
Georgia,GEO,2020,81
Germany,DEU,1980,28683
Germany,DEU,1981,29841
Germany,DEU,1982,30668
Germany,DEU,1983,31658
Germany,DEU,1984,31984
Germany,DEU,1985,32202
Germany,DEU,1986,32169
Germany,DEU,1987,31597
Germany,DEU,1988,31912
Germany,DEU,1989,31171
Germany,DEU,1990,30724
Germany,DEU,1991,32256
Germany,DEU,1992,33919
Germany,DEU,1993,34752
Germany,DEU,1994,36715
Germany,DEU,1995,38103
Germany,DEU,1996,42322
Germany,DEU,1997,44438
Germany,DEU,1998,46523
Germany,DEU,1999,50029
Germany,DEU,2000,51736
Germany,DEU,2001,49989
Germany,DEU,2002,47598
Germany,DEU,2003,47818
Germany,DEU,2004,48448
Germany,DEU,2005,48367
Germany,DEU,2006,48012
Germany,DEU,2007,47853
Germany,DEU,2008,49240
Germany,DEU,2009,47859
Germany,DEU,2010,47047
Germany,DEU,2011,46986
Germany,DEU,2012,46620
Germany,DEU,2013,47353
Germany,DEU,2014,48154
Germany,DEU,2015,47384
Germany,DEU,2016,48480
Germany,DEU,2017,47785
Germany,DEU,2018,46617
Germany,DEU,2019,46632
Germany,DEU,2020,42260
Ghana,GHA,2016,14
Ghana,GHA,2017,15
Ghana,GHA,2018,13
Ghana,GHA,2020,12
Greece,GRC,1980,1265
Greece,GRC,1981,1221
Greece,GRC,1982,1264
Greece,GRC,1983,1191
Greece,GRC,1984,1277
Greece,GRC,1985,1121
Greece,GRC,1986,1249
Greece,GRC,1987,1539
Greece,GRC,1988,205
Greece,GRC,1989,216
Greece,GRC,1990,241
Greece,GRC,1991,188
Greece,GRC,1992,222
Greece,GRC,1993,221
Greece,GRC,1994,267
Greece,GRC,1995,266
Greece,GRC,1996,267
Greece,GRC,1997,293
Greece,GRC,1998,276
Greece,GRC,1999,290
Greece,GRC,2000,306
Greece,GRC,2001,385
Greece,GRC,2002,376
Greece,GRC,2003,393
Greece,GRC,2004,379
Greece,GRC,2005,462
Greece,GRC,2006,532
Greece,GRC,2007,575
Greece,GRC,2008,628
Greece,GRC,2009,698
Greece,GRC,2010,728
Greece,GRC,2011,721
Greece,GRC,2012,628
Greece,GRC,2013,698
Greece,GRC,2014,651
Greece,GRC,2015,550
Greece,GRC,2016,606
Greece,GRC,2017,498
Greece,GRC,2018,430
Greece,GRC,2019,356
Greece,GRC,2020,400
Grenada,GRD,2020,2
Guatemala,GTM,1982,17
Guatemala,GTM,1985,72
Guatemala,GTM,1986,25
Guatemala,GTM,1987,8
Guatemala,GTM,1988,16
Guatemala,GTM,1989,5
Guatemala,GTM,1990,27
Guatemala,GTM,1991,31
Guatemala,GTM,1992,27
Guatemala,GTM,1993,40
Guatemala,GTM,1994,21
Guatemala,GTM,1995,32
Guatemala,GTM,1996,22
Guatemala,GTM,1997,36
Guatemala,GTM,1998,26
Guatemala,GTM,1999,28
Guatemala,GTM,2000,54
Guatemala,GTM,2001,30
Guatemala,GTM,2002,8
Guatemala,GTM,2003,6
Guatemala,GTM,2004,9
Guatemala,GTM,2005,17
Guatemala,GTM,2006,28
Guatemala,GTM,2007,9
Guatemala,GTM,2008,5
Guatemala,GTM,2009,7
Guatemala,GTM,2010,7
Guatemala,GTM,2011,4
Guatemala,GTM,2012,7
Guatemala,GTM,2013,4
Guatemala,GTM,2014,10
Guatemala,GTM,2015,7
Guatemala,GTM,2016,3
Guatemala,GTM,2017,3
Guatemala,GTM,2018,6
Guatemala,GTM,2019,7
Guatemala,GTM,2020,7
Guyana,GUY,1983,1
Guyana,GUY,1985,1
Guyana,GUY,1986,9
Guyana,GUY,2014,1
Guyana,GUY,2016,1
Guyana,GUY,2018,2
Haiti,HTI,1980,4
Haiti,HTI,1982,2
Haiti,HTI,1983,1
Haiti,HTI,1984,2
Haiti,HTI,1985,6
Haiti,HTI,1986,4
Haiti,HTI,1987,9
Haiti,HTI,1988,1
Haiti,HTI,1991,3
Haiti,HTI,1996,3
Haiti,HTI,1999,1
Haiti,HTI,2011,1
Haiti,HTI,2012,2
Haiti,HTI,2014,2
High-income countries,,1997,690700
High-income countries,,1998,706700
High-income countries,,1999,735400
High-income countries,,2000,804200
High-income countries,,2001,816900
High-income countries,,2002,805800
High-income countries,,2003,821000
High-income countries,,2004,851300
High-income countries,,2005,886700
High-income countries,,2006,886500
High-income countries,,2007,898400
High-income countries,,2008,888200
High-income countries,,2009,841600
High-income countries,,2010,861700
High-income countries,,2011,868300
High-income countries,,2012,899800
High-income countries,,2013,916300
High-income countries,,2014,912900
High-income countries,,2015,912900
High-income countries,,2016,917400
High-income countries,,2017,911300
High-income countries,,2018,900300
High-income countries,,2019,900200
High-income countries,,2020,870300
Honduras,HND,1980,6
Honduras,HND,1982,63
Honduras,HND,1983,16
Honduras,HND,1984,4
Honduras,HND,1985,12
Honduras,HND,1987,12
Honduras,HND,1990,6
Honduras,HND,1995,7
Honduras,HND,1996,10
Honduras,HND,1998,11
Honduras,HND,1999,8
Honduras,HND,2000,4
Honduras,HND,2001,7
Honduras,HND,2002,7
Honduras,HND,2011,2
Honduras,HND,2012,8
Honduras,HND,2013,6
Honduras,HND,2015,4
Honduras,HND,2016,10
Honduras,HND,2017,4
Honduras,HND,2018,8
Hong Kong,HKG,1983,21
Hong Kong,HKG,1984,20
Hong Kong,HKG,1985,16
Hong Kong,HKG,1986,10
Hong Kong,HKG,1987,13
Hong Kong,HKG,1988,12
Hong Kong,HKG,1989,15
Hong Kong,HKG,1990,21
Hong Kong,HKG,1991,16
Hong Kong,HKG,1992,11
Hong Kong,HKG,1993,9
Hong Kong,HKG,1994,21
Hong Kong,HKG,1995,23
Hong Kong,HKG,1996,41
Hong Kong,HKG,1997,26
Hong Kong,HKG,1998,128
Hong Kong,HKG,1999,42
Hong Kong,HKG,2000,51
Hong Kong,HKG,2001,74
Hong Kong,HKG,2002,112
Hong Kong,HKG,2003,107
Hong Kong,HKG,2004,127
Hong Kong,HKG,2005,156
Hong Kong,HKG,2006,172
Hong Kong,HKG,2007,160
Hong Kong,HKG,2008,173
Hong Kong,HKG,2009,149
Hong Kong,HKG,2010,133
Hong Kong,HKG,2011,181
Hong Kong,HKG,2012,171
Hong Kong,HKG,2013,226
Hong Kong,HKG,2014,192
Hong Kong,HKG,2015,239
Hong Kong,HKG,2016,233
Hong Kong,HKG,2017,324
Hong Kong,HKG,2018,314
Hong Kong,HKG,2019,346
Hong Kong,HKG,2020,423
Hungary,HUN,1980,1601
Hungary,HUN,1981,2124
Hungary,HUN,1982,2344
Hungary,HUN,1983,2760
Hungary,HUN,1984,2869
Hungary,HUN,1985,2904
Hungary,HUN,1986,2847
Hungary,HUN,1987,3229
Hungary,HUN,1988,3262
Hungary,HUN,1989,2657
Hungary,HUN,1990,2477
Hungary,HUN,1991,2210
Hungary,HUN,1992,1497
Hungary,HUN,1993,1139
Hungary,HUN,1994,1162
Hungary,HUN,1995,1096
Hungary,HUN,1996,803
Hungary,HUN,1997,737
Hungary,HUN,1998,690
Hungary,HUN,1999,729
Hungary,HUN,2000,810
Hungary,HUN,2001,919
Hungary,HUN,2002,842
Hungary,HUN,2003,756
Hungary,HUN,2004,748
Hungary,HUN,2005,705
Hungary,HUN,2006,718
Hungary,HUN,2007,689
Hungary,HUN,2008,683
Hungary,HUN,2009,757
Hungary,HUN,2010,649
Hungary,HUN,2011,662
Hungary,HUN,2012,692
Hungary,HUN,2013,642
Hungary,HUN,2014,546
Hungary,HUN,2015,569
Hungary,HUN,2016,616
Hungary,HUN,2017,496
Hungary,HUN,2018,407
Hungary,HUN,2019,427
Hungary,HUN,2020,428
Iceland,ISL,1980,19
Iceland,ISL,1981,14
Iceland,ISL,1982,18
Iceland,ISL,1983,32
Iceland,ISL,1984,28
Iceland,ISL,1985,21
Iceland,ISL,1986,29
Iceland,ISL,1987,28
Iceland,ISL,1988,16
Iceland,ISL,1989,18
Iceland,ISL,1990,17
Iceland,ISL,1991,34
Iceland,ISL,1992,28
Iceland,ISL,1993,34
Iceland,ISL,1994,22
Iceland,ISL,1995,19
Iceland,ISL,1996,16
Iceland,ISL,1997,22
Iceland,ISL,1998,41
Iceland,ISL,1999,35
Iceland,ISL,2000,51
Iceland,ISL,2001,49
Iceland,ISL,2002,71
Iceland,ISL,2003,57
Iceland,ISL,2004,66
Iceland,ISL,2005,47
Iceland,ISL,2006,45
Iceland,ISL,2007,61
Iceland,ISL,2008,50
Iceland,ISL,2009,64
Iceland,ISL,2010,57
Iceland,ISL,2011,50
Iceland,ISL,2012,37
Iceland,ISL,2013,33
Iceland,ISL,2014,51
Iceland,ISL,2015,40
Iceland,ISL,2016,35
Iceland,ISL,2017,36
Iceland,ISL,2018,56
Iceland,ISL,2019,47
Iceland,ISL,2020,44
India,IND,1980,1207
India,IND,1981,1067
India,IND,1982,1128
India,IND,1984,1003
India,IND,1985,982
India,IND,1986,999
India,IND,1987,988
India,IND,1988,1033
India,IND,1989,1048
India,IND,1990,1147
India,IND,1991,1267
India,IND,1992,1248
India,IND,1993,1209
India,IND,1994,1588
India,IND,1995,1545
India,IND,1996,1661
India,IND,1997,1926
India,IND,1998,2247
India,IND,1999,2206
India,IND,2000,2206
India,IND,2001,2379
India,IND,2002,2693
India,IND,2003,3425
India,IND,2004,4014
India,IND,2005,4721
India,IND,2006,5686
India,IND,2007,6296
India,IND,2008,6425
India,IND,2009,7262
India,IND,2010,8853
India,IND,2011,8841
India,IND,2012,9553
India,IND,2013,10669
India,IND,2014,12040
India,IND,2015,12579
India,IND,2016,13199
India,IND,2017,14961
India,IND,2018,16289
India,IND,2019,19454
India,IND,2020,23141
Indonesia,IDN,1980,5
Indonesia,IDN,1982,16
Indonesia,IDN,1983,40
Indonesia,IDN,1984,26
Indonesia,IDN,1985,49
Indonesia,IDN,1986,32
Indonesia,IDN,1987,62
Indonesia,IDN,1989,113
Indonesia,IDN,1991,34
Indonesia,IDN,1992,67
Indonesia,IDN,1993,38
Indonesia,IDN,1994,29
Indonesia,IDN,1995,61
Indonesia,IDN,1996,40
Indonesia,IDN,1997,79
Indonesia,IDN,1998,93
Indonesia,IDN,1999,152
Indonesia,IDN,2000,157
Indonesia,IDN,2001,212
Indonesia,IDN,2002,234
Indonesia,IDN,2003,201
Indonesia,IDN,2004,227
Indonesia,IDN,2005,235
Indonesia,IDN,2006,288
Indonesia,IDN,2007,284
Indonesia,IDN,2008,386
Indonesia,IDN,2009,415
Indonesia,IDN,2010,508
Indonesia,IDN,2011,533
Indonesia,IDN,2013,663
Indonesia,IDN,2014,702
Indonesia,IDN,2015,1058
Indonesia,IDN,2016,1101
Indonesia,IDN,2017,2271
Indonesia,IDN,2018,1407
Indonesia,IDN,2019,3093
Indonesia,IDN,2020,1309
Iran,IRN,1980,169
Iran,IRN,1981,286
Iran,IRN,1982,202
Iran,IRN,1983,213
Iran,IRN,1984,162
Iran,IRN,1985,183
Iran,IRN,1987,207
Iran,IRN,1988,167
Iran,IRN,1989,141
Iran,IRN,1990,182
Iran,IRN,1991,262
Iran,IRN,1992,225
Iran,IRN,1993,278
Iran,IRN,1994,266
Iran,IRN,1995,278
Iran,IRN,1996,288
Iran,IRN,1997,284
Iran,IRN,1998,337
Iran,IRN,1999,366
Iran,IRN,2000,410
Iran,IRN,2001,691
Iran,IRN,2002,910
Iran,IRN,2003,1287
Iran,IRN,2004,2426
Iran,IRN,2005,4051
Iran,IRN,2006,5970
Iran,IRN,2007,10648
Iran,IRN,2008,15403
Iran,IRN,2009,12184
Iran,IRN,2010,11108
Iran,IRN,2011,11529
Iran,IRN,2012,10622
Iran,IRN,2013,11305
Iran,IRN,2014,13683
Iran,IRN,2016,14930
Iran,IRN,2017,15264
Iran,IRN,2018,11908
Iran,IRN,2019,11569
Iran,IRN,2020,11396
Iraq,IRQ,1980,19
Iraq,IRQ,1981,26
Iraq,IRQ,1982,47
Iraq,IRQ,1983,33
Iraq,IRQ,1984,124
Iraq,IRQ,1985,296
Iraq,IRQ,1986,199
Iraq,IRQ,1987,272
Iraq,IRQ,1988,272
Iraq,IRQ,1989,247
Iraq,IRQ,1992,149
Iraq,IRQ,1993,164
Iraq,IRQ,1994,112
Iraq,IRQ,1995,76
Iraq,IRQ,1996,68
Iraq,IRQ,2015,335
Iraq,IRQ,2017,613
Iraq,IRQ,2018,653
Iraq,IRQ,2019,737
Iraq,IRQ,2020,635
Ireland,IRL,1980,394
Ireland,IRL,1981,461
Ireland,IRL,1982,434
Ireland,IRL,1983,567
Ireland,IRL,1984,651
Ireland,IRL,1985,726
Ireland,IRL,1986,743
Ireland,IRL,1987,719
Ireland,IRL,1988,727
Ireland,IRL,1989,736
Ireland,IRL,1990,734
Ireland,IRL,1991,786
Ireland,IRL,2016,79
Ireland,IRL,2017,62
Ireland,IRL,2018,76
Ireland,IRL,2019,58
Ireland,IRL,2020,75
Israel,ISR,1980,669
Israel,ISR,1981,727
Israel,ISR,1982,707
Israel,ISR,1983,687
Israel,ISR,1984,696
Israel,ISR,1985,790
Israel,ISR,1986,819
Israel,ISR,1987,823
Israel,ISR,1988,995
Israel,ISR,1989,1042
Israel,ISR,1990,1052
Israel,ISR,1991,1087
Israel,ISR,1992,1400
Israel,ISR,1993,1318
Israel,ISR,1994,1261
Israel,ISR,1995,1266
Israel,ISR,1996,1218
Israel,ISR,1997,1441
Israel,ISR,1998,1950
Israel,ISR,1999,2053
Israel,ISR,2000,1599
Israel,ISR,2001,1248
Israel,ISR,2002,1213
Israel,ISR,2003,1329
Israel,ISR,2004,1544
Israel,ISR,2005,1669
Israel,ISR,2006,1342
Israel,ISR,2007,1615
Israel,ISR,2008,1528
Israel,ISR,2009,1387
Israel,ISR,2010,1450
Israel,ISR,2011,1360
Israel,ISR,2012,1319
Israel,ISR,2013,1201
Israel,ISR,2014,1125
Israel,ISR,2015,1285
Israel,ISR,2016,1300
Israel,ISR,2017,1436
Israel,ISR,2018,1506
Israel,ISR,2019,1368
Israel,ISR,2020,1642
Italy,ITA,1980,6369
Italy,ITA,1985,2000
Italy,ITA,1988,2289
Italy,ITA,1992,7568
Italy,ITA,1993,7493
Italy,ITA,1994,7872
Italy,ITA,1996,6997
Italy,ITA,1999,6281
Italy,ITA,2000,7877
Italy,ITA,2007,9255
Italy,ITA,2008,8588
Italy,ITA,2009,8814
Italy,ITA,2010,8877
Italy,ITA,2011,8794
Italy,ITA,2012,8439
Italy,ITA,2013,8307
Italy,ITA,2014,8601
Italy,ITA,2016,8848
Italy,ITA,2017,8643
Italy,ITA,2018,8921
Italy,ITA,2019,9229
Italy,ITA,2020,10061
Jamaica,JAM,1983,15
Jamaica,JAM,1984,10
Jamaica,JAM,1987,3
Jamaica,JAM,1990,4
Jamaica,JAM,1991,4
Jamaica,JAM,1992,6
Jamaica,JAM,1993,9
Jamaica,JAM,1994,6
Jamaica,JAM,1995,7
Jamaica,JAM,1996,2
Jamaica,JAM,1997,9
Jamaica,JAM,2000,11
Jamaica,JAM,2001,4
Jamaica,JAM,2002,15
Jamaica,JAM,2003,9
Jamaica,JAM,2004,11
Jamaica,JAM,2005,10
Jamaica,JAM,2006,21
Jamaica,JAM,2007,6
Jamaica,JAM,2008,15
Jamaica,JAM,2009,17
Jamaica,JAM,2010,14
Jamaica,JAM,2011,20
Jamaica,JAM,2012,25
Jamaica,JAM,2013,22
Jamaica,JAM,2014,33
Jamaica,JAM,2015,7
Jamaica,JAM,2016,19
Jamaica,JAM,2017,11
Jamaica,JAM,2018,26
Jamaica,JAM,2019,14
Jamaica,JAM,2020,10
Japan,JPN,1980,165730
Japan,JPN,1983,227708
Japan,JPN,1984,256205
Japan,JPN,1985,274373
Japan,JPN,1986,290202
Japan,JPN,1987,311006
Japan,JPN,1988,308908
Japan,JPN,1989,317566
Japan,JPN,1990,333230
Japan,JPN,1991,335933
Japan,JPN,1992,338019
Japan,JPN,1993,332345
Japan,JPN,1994,319938
Japan,JPN,1995,334612
Japan,JPN,1996,340101
Japan,JPN,1997,350807
Japan,JPN,1998,359381
Japan,JPN,1999,360180
Japan,JPN,2000,387364
Japan,JPN,2001,386767
Japan,JPN,2002,369458
Japan,JPN,2003,358184
Japan,JPN,2004,368416
Japan,JPN,2005,367960
Japan,JPN,2006,347060
Japan,JPN,2007,333498
Japan,JPN,2008,330110
Japan,JPN,2009,295315
Japan,JPN,2010,290081
Japan,JPN,2011,287580
Japan,JPN,2012,287013
Japan,JPN,2013,271731
Japan,JPN,2014,265959
Japan,JPN,2015,258839
Japan,JPN,2016,260244
Japan,JPN,2017,260292
Japan,JPN,2018,253630
Japan,JPN,2019,245372
Japan,JPN,2020,227348
Jordan,JOR,1989,11
Jordan,JOR,2000,71
Jordan,JOR,2001,52
Jordan,JOR,2002,21
Jordan,JOR,2003,25
Jordan,JOR,2004,42
Jordan,JOR,2005,49
Jordan,JOR,2006,75
Jordan,JOR,2007,59
Jordan,JOR,2008,50
Jordan,JOR,2009,60
Jordan,JOR,2010,45
Jordan,JOR,2011,40
Jordan,JOR,2012,48
Jordan,JOR,2013,35
Jordan,JOR,2014,40
Jordan,JOR,2015,41
Jordan,JOR,2016,22
Jordan,JOR,2017,26
Jordan,JOR,2018,24
Jordan,JOR,2019,21
Jordan,JOR,2020,36
Kazakhstan,KAZ,1992,433
Kazakhstan,KAZ,1993,3223
Kazakhstan,KAZ,1994,1393
Kazakhstan,KAZ,1995,1031
Kazakhstan,KAZ,1996,1022
Kazakhstan,KAZ,1997,1171
Kazakhstan,KAZ,1998,1244
Kazakhstan,KAZ,1999,1352
Kazakhstan,KAZ,2000,1399
Kazakhstan,KAZ,2001,1607
Kazakhstan,KAZ,2002,1594
Kazakhstan,KAZ,2003,1696
Kazakhstan,KAZ,2004,1756
Kazakhstan,KAZ,2005,1523
Kazakhstan,KAZ,2006,1433
Kazakhstan,KAZ,2007,1633
Kazakhstan,KAZ,2008,1483
Kazakhstan,KAZ,2009,1513
Kazakhstan,KAZ,2010,1691
Kazakhstan,KAZ,2011,1415
Kazakhstan,KAZ,2013,1824
Kazakhstan,KAZ,2014,1742
Kazakhstan,KAZ,2015,1271
Kazakhstan,KAZ,2016,993
Kazakhstan,KAZ,2017,1055
Kazakhstan,KAZ,2018,789
Kazakhstan,KAZ,2020,803
Kenya,KEN,1988,1
Kenya,KEN,1991,8
Kenya,KEN,1993,14
Kenya,KEN,1996,15
Kenya,KEN,1997,22
Kenya,KEN,1998,27
Kenya,KEN,1999,25
Kenya,KEN,2002,23
Kenya,KEN,2003,22
Kenya,KEN,2004,31
Kenya,KEN,2005,34
Kenya,KEN,2006,41
Kenya,KEN,2007,41
Kenya,KEN,2008,63
Kenya,KEN,2009,48
Kenya,KEN,2010,77
Kenya,KEN,2011,135
Kenya,KEN,2012,123
Kenya,KEN,2013,127
Kenya,KEN,2014,132
Kenya,KEN,2015,137
Kenya,KEN,2016,144
Kenya,KEN,2017,135
Kenya,KEN,2018,244
Kenya,KEN,2019,294
Kenya,KEN,2020,341
Kuwait,KWT,2016,13
Kuwait,KWT,2018,1
Kyrgyzstan,KGZ,1994,132
Kyrgyzstan,KGZ,1995,119
Kyrgyzstan,KGZ,1996,126
Kyrgyzstan,KGZ,1997,152
Kyrgyzstan,KGZ,1998,111
Kyrgyzstan,KGZ,1999,60
Kyrgyzstan,KGZ,2000,80
Kyrgyzstan,KGZ,2001,84
Kyrgyzstan,KGZ,2002,123
Kyrgyzstan,KGZ,2003,179
Kyrgyzstan,KGZ,2007,155
Kyrgyzstan,KGZ,2008,135
Kyrgyzstan,KGZ,2009,146
Kyrgyzstan,KGZ,2010,134
Kyrgyzstan,KGZ,2011,124
Kyrgyzstan,KGZ,2012,110
Kyrgyzstan,KGZ,2013,111
Kyrgyzstan,KGZ,2014,132
Kyrgyzstan,KGZ,2015,122
Kyrgyzstan,KGZ,2016,84
Kyrgyzstan,KGZ,2017,137
Kyrgyzstan,KGZ,2019,92
Kyrgyzstan,KGZ,2020,63
Laos,LAO,2005,3
Laos,LAO,2006,5
Laos,LAO,2007,2
Laos,LAO,2008,1
Laos,LAO,2013,1
Laos,LAO,2014,1
Laos,LAO,2015,1
Laos,LAO,2017,3
Laos,LAO,2018,1
Latin America and Caribbean (WB),,1980,4939
Latin America and Caribbean (WB),,1981,4517
Latin America and Caribbean (WB),,1982,4378
Latin America and Caribbean (WB),,1983,5389
Latin America and Caribbean (WB),,1984,5368
Latin America and Caribbean (WB),,1985,3223
Latin America and Caribbean (WB),,1986,3132
Latin America and Caribbean (WB),,1987,3808
Latin America and Caribbean (WB),,1988,3331
Latin America and Caribbean (WB),,1989,3586
Latin America and Caribbean (WB),,1990,4580
Latin America and Caribbean (WB),,1991,4504
Latin America and Caribbean (WB),,1992,3870
Latin America and Caribbean (WB),,1993,4526
Latin America and Caribbean (WB),,1994,4321
Latin America and Caribbean (WB),,1995,4405
Latin America and Caribbean (WB),,1996,4806
Latin America and Caribbean (WB),,1997,4729
Latin America and Caribbean (WB),,1998,4271
Latin America and Caribbean (WB),,1999,4719
Latin America and Caribbean (WB),,2000,5272
Latin America and Caribbean (WB),,2001,5155
Latin America and Caribbean (WB),,2002,5387
Latin America and Caribbean (WB),,2003,5786
Latin America and Caribbean (WB),,2004,6117
Latin America and Caribbean (WB),,2005,6517
Latin America and Caribbean (WB),,2006,6364
Latin America and Caribbean (WB),,2007,6606
Latin America and Caribbean (WB),,2008,6676
Latin America and Caribbean (WB),,2009,6468
Latin America and Caribbean (WB),,2010,6390
Latin America and Caribbean (WB),,2011,7230
Latin America and Caribbean (WB),,2012,7634
Latin America and Caribbean (WB),,2013,7662
Latin America and Caribbean (WB),,2014,7455
Latin America and Caribbean (WB),,2015,7561
Latin America and Caribbean (WB),,2016,8674
Latin America and Caribbean (WB),,2017,8651
Latin America and Caribbean (WB),,2018,8183
Latin America and Caribbean (WB),,2019,8364
Latin America and Caribbean (WB),,2020,8385
Latvia,LVA,1992,73
Latvia,LVA,1993,155
Latvia,LVA,1994,179
Latvia,LVA,1995,210
Latvia,LVA,1996,196
Latvia,LVA,1997,162
Latvia,LVA,1998,195
Latvia,LVA,1999,91
Latvia,LVA,2000,98
Latvia,LVA,2001,117
Latvia,LVA,2002,150
Latvia,LVA,2003,91
Latvia,LVA,2004,108
Latvia,LVA,2005,112
Latvia,LVA,2006,114
Latvia,LVA,2007,139
Latvia,LVA,2008,206
Latvia,LVA,2009,240
Latvia,LVA,2010,178
Latvia,LVA,2011,173
Latvia,LVA,2012,193
Latvia,LVA,2013,225
Latvia,LVA,2014,103
Latvia,LVA,2015,136
Latvia,LVA,2016,95
Latvia,LVA,2017,90
Latvia,LVA,2018,86
Latvia,LVA,2019,82
Latvia,LVA,2020,93
Lebanon,LBN,2013,105
Lebanon,LBN,2014,80
Lebanon,LBN,2015,110
Lesotho,LSO,1995,8
Lesotho,LSO,1996,1
Lesotho,LSO,2018,4
Lesotho,LSO,2019,1
Liberia,LBR,1991,6
Liberia,LBR,1993,14
Libya,LBY,1989,3
Libya,LBY,1990,10
Libya,LBY,1991,25
Libya,LBY,1993,15
Libya,LBY,1994,10
Libya,LBY,1995,6
Libya,LBY,1996,12
Lithuania,LTU,1991,29
Lithuania,LTU,1992,134
Lithuania,LTU,1993,413
Lithuania,LTU,1994,112
Lithuania,LTU,1995,106
Lithuania,LTU,1996,100
Lithuania,LTU,1997,125
Lithuania,LTU,1998,134
Lithuania,LTU,1999,86
Lithuania,LTU,2000,66
Lithuania,LTU,2001,68
Lithuania,LTU,2002,85
Lithuania,LTU,2003,64
Lithuania,LTU,2004,70
Lithuania,LTU,2005,68
Lithuania,LTU,2006,65
Lithuania,LTU,2007,62
Lithuania,LTU,2008,87
Lithuania,LTU,2009,91
Lithuania,LTU,2010,108
Lithuania,LTU,2011,93
Lithuania,LTU,2012,109
Lithuania,LTU,2013,117
Lithuania,LTU,2014,123
Lithuania,LTU,2015,101
Lithuania,LTU,2016,95
Lithuania,LTU,2017,81
Lithuania,LTU,2018,81
Lithuania,LTU,2019,90
Lithuania,LTU,2020,95
Low-income countries,,1997,200
Low-income countries,,1998,200
Low-income countries,,1999,200
Low-income countries,,2000,400
Low-income countries,,2001,300
Low-income countries,,2002,300
Low-income countries,,2003,400
Low-income countries,,2004,400
Low-income countries,,2005,6100
Low-income countries,,2006,6600
Low-income countries,,2007,7300
Low-income countries,,2008,8200
Low-income countries,,2009,8700
Low-income countries,,2010,8700
Low-income countries,,2011,8500
Low-income countries,,2012,9000
Low-income countries,,2013,700
Low-income countries,,2014,600
Low-income countries,,2015,700
Low-income countries,,2016,600
Low-income countries,,2017,600
Low-income countries,,2018,800
Low-income countries,,2019,600
Low-income countries,,2020,600
Lower-middle-income countries,,1997,9100
Lower-middle-income countries,,1998,10000
Lower-middle-income countries,,1999,10000
Lower-middle-income countries,,2000,10200
Lower-middle-income countries,,2001,12200
Lower-middle-income countries,,2002,6800
Lower-middle-income countries,,2003,7800
Lower-middle-income countries,,2004,10200
Lower-middle-income countries,,2005,10700
Lower-middle-income countries,,2006,11600
Lower-middle-income countries,,2007,12300
Lower-middle-income countries,,2008,11800
Lower-middle-income countries,,2009,11900
Lower-middle-income countries,,2010,25700
Lower-middle-income countries,,2011,26200
Lower-middle-income countries,,2012,26100
Lower-middle-income countries,,2013,28700
Lower-middle-income countries,,2014,32400
Lower-middle-income countries,,2015,32800
Lower-middle-income countries,,2016,35100
Lower-middle-income countries,,2017,38800
Lower-middle-income countries,,2018,36300
Lower-middle-income countries,,2019,41100
Lower-middle-income countries,,2020,42400
Luxembourg,LUX,1980,97
Luxembourg,LUX,1981,109
Luxembourg,LUX,1982,94
Luxembourg,LUX,1984,58
Luxembourg,LUX,1985,81
Luxembourg,LUX,1986,80
Luxembourg,LUX,1987,69
Luxembourg,LUX,1988,68
Luxembourg,LUX,1989,58
Luxembourg,LUX,1990,41
Luxembourg,LUX,1991,52
Luxembourg,LUX,1993,73
Luxembourg,LUX,1994,50
Luxembourg,LUX,1995,35
Luxembourg,LUX,1996,52
Luxembourg,LUX,1997,48
Luxembourg,LUX,1998,44
Luxembourg,LUX,1999,24
Luxembourg,LUX,2000,85
Luxembourg,LUX,2001,51
Luxembourg,LUX,2002,41
Luxembourg,LUX,2003,16
Luxembourg,LUX,2004,23
Luxembourg,LUX,2005,24
Luxembourg,LUX,2006,26
Luxembourg,LUX,2007,15
Luxembourg,LUX,2008,48
Luxembourg,LUX,2009,60
Luxembourg,LUX,2010,79
Luxembourg,LUX,2011,85
Luxembourg,LUX,2012,109
Luxembourg,LUX,2013,113
Luxembourg,LUX,2014,128
Luxembourg,LUX,2015,128
Luxembourg,LUX,2016,143
Luxembourg,LUX,2017,156
Luxembourg,LUX,2018,152
Luxembourg,LUX,2019,117
Luxembourg,LUX,2020,129
Macao,MAC,2005,3
Macao,MAC,2007,1
Macao,MAC,2008,3
Macao,MAC,2009,1
Macao,MAC,2010,4
Macao,MAC,2011,4
Macao,MAC,2012,5
Macao,MAC,2013,6
Macao,MAC,2014,2
Macao,MAC,2015,3
Macao,MAC,2017,1
Macao,MAC,2018,1
Macao,MAC,2020,3
Madagascar,MDG,1994,9
Madagascar,MDG,1995,22
Madagascar,MDG,1996,7
Madagascar,MDG,1997,9
Madagascar,MDG,1998,14
Madagascar,MDG,1999,10
Madagascar,MDG,2000,7
Madagascar,MDG,2002,4
Madagascar,MDG,2003,3
Madagascar,MDG,2004,16
Madagascar,MDG,2005,7
Madagascar,MDG,2006,4
Madagascar,MDG,2007,9
Madagascar,MDG,2008,14
Madagascar,MDG,2009,1
Madagascar,MDG,2010,9
Madagascar,MDG,2011,3
Madagascar,MDG,2012,4
Madagascar,MDG,2013,4
Madagascar,MDG,2014,5
Madagascar,MDG,2015,3
Madagascar,MDG,2016,6
Madagascar,MDG,2017,9
Madagascar,MDG,2018,9
Madagascar,MDG,2020,6
Malawi,MWI,1980,2
Malawi,MWI,1981,7
Malawi,MWI,1982,3
Malawi,MWI,1983,1
Malawi,MWI,1988,1
Malawi,MWI,1989,1
Malawi,MWI,1991,1
Malawi,MWI,1992,2
Malawi,MWI,1993,3
Malawi,MWI,1994,1
Malawi,MWI,1995,1
Malawi,MWI,1996,2
Malawi,MWI,1997,2
Malawi,MWI,1998,2
Malawi,MWI,1999,1
Malawi,MWI,2000,3
Malawi,MWI,2015,6
Malawi,MWI,2016,3
Malaysia,MYS,1985,8
Malaysia,MYS,1986,29
Malaysia,MYS,1987,71
Malaysia,MYS,1988,73
Malaysia,MYS,1989,84
Malaysia,MYS,1990,92
Malaysia,MYS,1991,106
Malaysia,MYS,1992,151
Malaysia,MYS,1993,198
Malaysia,MYS,1994,223
Malaysia,MYS,1995,141
Malaysia,MYS,1996,221
Malaysia,MYS,1997,179
Malaysia,MYS,1998,193
Malaysia,MYS,1999,218
Malaysia,MYS,2000,206
Malaysia,MYS,2001,271
Malaysia,MYS,2002,322
Malaysia,MYS,2003,376
Malaysia,MYS,2004,522
Malaysia,MYS,2005,522
Malaysia,MYS,2006,531
Malaysia,MYS,2007,670
Malaysia,MYS,2008,818
Malaysia,MYS,2009,1234
Malaysia,MYS,2010,1231
Malaysia,MYS,2011,1076
Malaysia,MYS,2012,1114
Malaysia,MYS,2013,1199
Malaysia,MYS,2014,1353
Malaysia,MYS,2015,1272
Malaysia,MYS,2016,1109
Malaysia,MYS,2017,1166
Malaysia,MYS,2018,1116
Malaysia,MYS,2019,1071
Malaysia,MYS,2020,989
Mali,MLI,1981,1
Malta,MLT,1980,7
Malta,MLT,1981,6
Malta,MLT,1982,3
Malta,MLT,1983,4
Malta,MLT,1986,5
Malta,MLT,1987,5
Malta,MLT,1988,3
Malta,MLT,1989,2
Malta,MLT,1990,2
Malta,MLT,1991,6
Malta,MLT,1992,3
Malta,MLT,1993,8
Malta,MLT,1994,21
Malta,MLT,1995,11
Malta,MLT,1996,6
Malta,MLT,1997,22
Malta,MLT,1998,8
Malta,MLT,1999,11
Malta,MLT,2000,23
Malta,MLT,2001,26
Malta,MLT,2002,22
Malta,MLT,2007,10
Malta,MLT,2008,14
Malta,MLT,2009,8
Malta,MLT,2010,12
Malta,MLT,2011,9
Malta,MLT,2012,11
Malta,MLT,2013,13
Malta,MLT,2014,5
Malta,MLT,2015,9
Malta,MLT,2016,3
Malta,MLT,2017,5
Malta,MLT,2018,2
Malta,MLT,2019,5
Malta,MLT,2020,6
Mauritius,MUS,1981,2
Mauritius,MUS,1985,4
Mauritius,MUS,1988,3
Mauritius,MUS,1990,1
Mauritius,MUS,1991,2
Mauritius,MUS,1993,2
Mauritius,MUS,1994,5
Mauritius,MUS,1995,3
Mauritius,MUS,1996,3
Mauritius,MUS,1997,3
Mauritius,MUS,1998,3
Mauritius,MUS,2008,2
Mauritius,MUS,2011,1
Mauritius,MUS,2012,4
Mauritius,MUS,2013,2
Mauritius,MUS,2014,3
Mauritius,MUS,2015,1
Mauritius,MUS,2016,2
Mauritius,MUS,2017,1
Mauritius,MUS,2018,16
Mauritius,MUS,2019,4
Mauritius,MUS,2020,6
Mexico,MEX,1980,704
Mexico,MEX,1981,765
Mexico,MEX,1982,550
Mexico,MEX,1983,730
Mexico,MEX,1984,688
Mexico,MEX,1985,590
Mexico,MEX,1986,629
Mexico,MEX,1987,742
Mexico,MEX,1988,652
Mexico,MEX,1989,757
Mexico,MEX,1990,661
Mexico,MEX,1991,564
Mexico,MEX,1992,565
Mexico,MEX,1993,553
Mexico,MEX,1994,498
Mexico,MEX,1995,432
Mexico,MEX,1996,386
Mexico,MEX,1997,420
Mexico,MEX,1998,453
Mexico,MEX,1999,455
Mexico,MEX,2000,431
Mexico,MEX,2001,534
Mexico,MEX,2002,526
Mexico,MEX,2003,468
Mexico,MEX,2004,565
Mexico,MEX,2005,584
Mexico,MEX,2006,574
Mexico,MEX,2007,629
Mexico,MEX,2008,685
Mexico,MEX,2009,822
Mexico,MEX,2010,951
Mexico,MEX,2011,1065
Mexico,MEX,2012,1294
Mexico,MEX,2013,1210
Mexico,MEX,2014,1246
Mexico,MEX,2015,1364
Mexico,MEX,2016,1310
Mexico,MEX,2017,1334
Mexico,MEX,2018,1555
Mexico,MEX,2019,1305
Mexico,MEX,2020,1132
Middle East and North Africa (WB),,1980,1007
Middle East and North Africa (WB),,1981,1190
Middle East and North Africa (WB),,1982,1077
Middle East and North Africa (WB),,1983,1090
Middle East and North Africa (WB),,1984,1180
Middle East and North Africa (WB),,1985,1486
Middle East and North Africa (WB),,1986,1222
Middle East and North Africa (WB),,1987,1575
Middle East and North Africa (WB),,1988,1735
Middle East and North Africa (WB),,1989,1734
Middle East and North Africa (WB),,1990,1634
Middle East and North Africa (WB),,1991,1802
Middle East and North Africa (WB),,1992,2184
Middle East and North Africa (WB),,1993,2306
Middle East and North Africa (WB),,1994,2251
Middle East and North Africa (WB),,1995,2350
Middle East and North Africa (WB),,1996,2414
Middle East and North Africa (WB),,1997,1995
Middle East and North Africa (WB),,1998,3075
Middle East and North Africa (WB),,1999,3265
Middle East and North Africa (WB),,2000,3174
Middle East and North Africa (WB),,2001,2824
Middle East and North Africa (WB),,2002,3158
Middle East and North Africa (WB),,2003,3508
Middle East and North Africa (WB),,2004,4936
Middle East and North Africa (WB),,2005,6735
Middle East and North Africa (WB),,2006,7992
Middle East and North Africa (WB),,2007,13340
Middle East and North Africa (WB),,2008,17775
Middle East and North Africa (WB),,2009,14403
Middle East and North Africa (WB),,2010,13945
Middle East and North Africa (WB),,2011,14379
Middle East and North Africa (WB),,2012,13483
Middle East and North Africa (WB),,2013,14674
Middle East and North Africa (WB),,2014,17323
Middle East and North Africa (WB),,2015,4204
Middle East and North Africa (WB),,2016,19220
Middle East and North Africa (WB),,2017,20397
Middle East and North Africa (WB),,2018,17542
Middle East and North Africa (WB),,2019,17129
Middle East and North Africa (WB),,2020,17557
Moldova,MDA,1993,67
Moldova,MDA,1994,237
Moldova,MDA,1995,270
Moldova,MDA,1996,289
Moldova,MDA,1997,295
Moldova,MDA,1998,257
Moldova,MDA,1999,256
Moldova,MDA,2000,240
Moldova,MDA,2001,437
Moldova,MDA,2002,239
Moldova,MDA,2003,293
Moldova,MDA,2004,297
Moldova,MDA,2005,377
Moldova,MDA,2006,303
Moldova,MDA,2007,333
Moldova,MDA,2008,273
Moldova,MDA,2009,134
Moldova,MDA,2010,139
Moldova,MDA,2011,97
Moldova,MDA,2012,93
Moldova,MDA,2013,67
Moldova,MDA,2014,67
Moldova,MDA,2015,64
Moldova,MDA,2016,91
Moldova,MDA,2017,73
Moldova,MDA,2018,92
Moldova,MDA,2019,85
Moldova,MDA,2020,85
Monaco,MCO,1980,14
Monaco,MCO,1981,20
Monaco,MCO,1982,9
Monaco,MCO,1983,19
Monaco,MCO,1984,11
Monaco,MCO,1985,15
Monaco,MCO,1986,10
Monaco,MCO,1987,19
Monaco,MCO,1988,16
Monaco,MCO,1989,9
Monaco,MCO,1990,21
Monaco,MCO,1991,12
Monaco,MCO,1992,9
Monaco,MCO,1993,10
Monaco,MCO,1994,21
Monaco,MCO,1995,13
Monaco,MCO,1996,16
Monaco,MCO,1997,20
Monaco,MCO,1998,4
Monaco,MCO,1999,15
Monaco,MCO,2000,6
Monaco,MCO,2001,6
Monaco,MCO,2002,8
Monaco,MCO,2003,5
Monaco,MCO,2004,7
Monaco,MCO,2005,2
Monaco,MCO,2006,6
Monaco,MCO,2007,11
Monaco,MCO,2008,7
Monaco,MCO,2009,3
Monaco,MCO,2010,6
Monaco,MCO,2011,6
Monaco,MCO,2012,4
Monaco,MCO,2013,5
Monaco,MCO,2014,6
Monaco,MCO,2015,5
Monaco,MCO,2016,7
Monaco,MCO,2017,18
Monaco,MCO,2018,4
Monaco,MCO,2019,10
Monaco,MCO,2020,6
Mongolia,MNG,1983,12
Mongolia,MNG,1984,34
Mongolia,MNG,1991,28
Mongolia,MNG,1992,26
Mongolia,MNG,1993,55
Mongolia,MNG,1994,128
Mongolia,MNG,1995,130
Mongolia,MNG,1996,114
Mongolia,MNG,1997,186
Mongolia,MNG,1998,148
Mongolia,MNG,2001,106
Mongolia,MNG,2002,121
Mongolia,MNG,2003,167
Mongolia,MNG,2004,143
Mongolia,MNG,2005,100
Mongolia,MNG,2006,103
Mongolia,MNG,2009,76
Mongolia,MNG,2010,110
Mongolia,MNG,2013,133
Mongolia,MNG,2014,139
Mongolia,MNG,2015,109
Mongolia,MNG,2016,112
Mongolia,MNG,2017,124
Mongolia,MNG,2018,82
Mongolia,MNG,2019,84
Mongolia,MNG,2020,66
Montenegro,MNE,2008,3
Montenegro,MNE,2010,23
Montenegro,MNE,2011,20
Montenegro,MNE,2012,37
Montenegro,MNE,2013,23
Montenegro,MNE,2014,13
Montenegro,MNE,2015,23
Montenegro,MNE,2016,10
Montenegro,MNE,2018,3
Montenegro,MNE,2019,16
Montenegro,MNE,2020,5
Morocco,MAR,1980,29
Morocco,MAR,1981,36
Morocco,MAR,1982,47
Morocco,MAR,1983,16
Morocco,MAR,1984,28
Morocco,MAR,1985,35
Morocco,MAR,1986,29
Morocco,MAR,1987,72
Morocco,MAR,1988,83
Morocco,MAR,1989,60
Morocco,MAR,1990,61
Morocco,MAR,1991,55
Morocco,MAR,1993,42
Morocco,MAR,1994,107
Morocco,MAR,1995,89
Morocco,MAR,1996,90
Morocco,MAR,1998,97
Morocco,MAR,2000,104
Morocco,MAR,2004,104
Morocco,MAR,2005,140
Morocco,MAR,2006,178
Morocco,MAR,2007,150
Morocco,MAR,2008,177
Morocco,MAR,2009,135
Morocco,MAR,2010,152
Morocco,MAR,2011,169
Morocco,MAR,2012,197
Morocco,MAR,2013,316
Morocco,MAR,2014,355
Morocco,MAR,2015,224
Morocco,MAR,2016,237
Morocco,MAR,2017,198
Morocco,MAR,2018,187
Morocco,MAR,2019,199
Morocco,MAR,2020,250
Mozambique,MOZ,1999,2
Mozambique,MOZ,2006,1
Mozambique,MOZ,2007,18
Mozambique,MOZ,2008,2
Mozambique,MOZ,2009,7
Mozambique,MOZ,2010,15
Mozambique,MOZ,2011,8
Mozambique,MOZ,2012,14
Mozambique,MOZ,2013,13
Mozambique,MOZ,2014,14
Mozambique,MOZ,2015,24
Mozambique,MOZ,2016,15
Mozambique,MOZ,2017,24
Mozambique,MOZ,2018,34
Mozambique,MOZ,2019,23
Mozambique,MOZ,2020,26
Namibia,NAM,1990,5
Namibia,NAM,1991,3
Namibia,NAM,1993,13
Namibia,NAM,2015,13
Namibia,NAM,2016,18
Namibia,NAM,2017,10
Namibia,NAM,2018,21
Namibia,NAM,2019,8
Nepal,NPL,1980,2
Nepal,NPL,1992,1
Nepal,NPL,1993,6
Nepal,NPL,1994,4
Nepal,NPL,1995,3
Nepal,NPL,2011,8
Nepal,NPL,2012,4
Nepal,NPL,2013,18
Nepal,NPL,2014,10
Nepal,NPL,2015,11
Nepal,NPL,2016,11
Nepal,NPL,2017,20
Netherlands,NLD,1980,1826
Netherlands,NLD,1981,1897
Netherlands,NLD,1982,1873
Netherlands,NLD,1983,1889
Netherlands,NLD,1984,1840
Netherlands,NLD,1985,1938
Netherlands,NLD,1986,1866
Netherlands,NLD,1987,1970
Netherlands,NLD,1988,2158
Netherlands,NLD,1989,2205
Netherlands,NLD,1990,2147
Netherlands,NLD,1991,1605
Netherlands,NLD,1992,1753
Netherlands,NLD,1993,1733
Netherlands,NLD,1994,1748
Netherlands,NLD,1995,2123
Netherlands,NLD,1996,2348
Netherlands,NLD,1997,2391
Netherlands,NLD,1998,2451
Netherlands,NLD,1999,2545
Netherlands,NLD,2000,2465
Netherlands,NLD,2001,2110
Netherlands,NLD,2002,2122
Netherlands,NLD,2003,2288
Netherlands,NLD,2004,2187
Netherlands,NLD,2005,2217
Netherlands,NLD,2006,2168
Netherlands,NLD,2007,2079
Netherlands,NLD,2008,2421
Netherlands,NLD,2009,2575
Netherlands,NLD,2010,2527
Netherlands,NLD,2011,2585
Netherlands,NLD,2012,2375
Netherlands,NLD,2013,2315
Netherlands,NLD,2014,2294
Netherlands,NLD,2015,2207
Netherlands,NLD,2016,2290
Netherlands,NLD,2017,2241
Netherlands,NLD,2018,2111
Netherlands,NLD,2019,2228
Netherlands,NLD,2020,2198
New Zealand,NZL,1980,1148
New Zealand,NZL,1981,1033
New Zealand,NZL,1982,986
New Zealand,NZL,1983,1110
New Zealand,NZL,1984,1001
New Zealand,NZL,1985,1008
New Zealand,NZL,1986,957
New Zealand,NZL,1987,912
New Zealand,NZL,1988,803
New Zealand,NZL,1989,807
New Zealand,NZL,1990,802
New Zealand,NZL,1991,983
New Zealand,NZL,1992,1031
New Zealand,NZL,1993,1236
New Zealand,NZL,1994,1254
New Zealand,NZL,1995,1284
New Zealand,NZL,1996,1275
New Zealand,NZL,1997,1572
New Zealand,NZL,1998,1181
New Zealand,NZL,1999,1420
New Zealand,NZL,2000,1463
New Zealand,NZL,2001,1768
New Zealand,NZL,2002,1839
New Zealand,NZL,2003,1845
New Zealand,NZL,2004,1631
New Zealand,NZL,2005,1893
New Zealand,NZL,2006,2153
New Zealand,NZL,2007,1892
New Zealand,NZL,2008,1256
New Zealand,NZL,2009,1555
New Zealand,NZL,2010,1585
New Zealand,NZL,2011,1501
New Zealand,NZL,2012,1425
New Zealand,NZL,2013,1614
New Zealand,NZL,2014,1636
New Zealand,NZL,2015,1184
New Zealand,NZL,2016,1075
New Zealand,NZL,2017,1014
New Zealand,NZL,2018,1017
New Zealand,NZL,2019,324
New Zealand,NZL,2020,348
Nicaragua,NIC,1985,2
Nicaragua,NIC,1992,3
Nicaragua,NIC,1993,2
Nicaragua,NIC,1997,3
Nicaragua,NIC,1998,12
Nicaragua,NIC,1999,9
Nicaragua,NIC,2000,14
Nicaragua,NIC,2011,2
Nicaragua,NIC,2012,4
Nicaragua,NIC,2013,3
Nicaragua,NIC,2014,1
Nigeria,NGA,1985,10
Nigeria,NGA,1990,12
Nigeria,NGA,2011,64
Nigeria,NGA,2012,42
Nigeria,NGA,2013,50
Nigeria,NGA,2016,85
Nigeria,NGA,2017,100
Nigeria,NGA,2018,382
Nigeria,NGA,2019,439
Nigeria,NGA,2020,410
North America (WB),,1980,63746
North America (WB),,1981,64568
North America (WB),,1982,65316
North America (WB),,1983,61408
North America (WB),,1984,63867
North America (WB),,1985,65765
North America (WB),,1986,67356
North America (WB),,1987,70842
North America (WB),,1988,77964
North America (WB),,1989,85401
North America (WB),,1990,93192
North America (WB),,1991,90137
North America (WB),,1992,95232
North America (WB),,1993,103578
North America (WB),,1994,109713
North America (WB),,1995,126393
North America (WB),,1996,109475
North America (WB),,1997,122558
North America (WB),,1998,138542
North America (WB),,1999,153312
North America (WB),,2000,168982
North America (WB),,2001,181476
North America (WB),,2002,188204
North America (WB),,2003,192870
North America (WB),,2004,194767
North America (WB),,2005,213050
North America (WB),,2006,227306
North America (WB),,2007,246345
North America (WB),,2008,236649
North America (WB),,2009,229979
North America (WB),,2010,246527
North America (WB),,2011,252504
North America (WB),,2012,273491
North America (WB),,2013,292398
North America (WB),,2014,289294
North America (WB),,2015,292612
North America (WB),,2016,299405
North America (WB),,2017,297957
North America (WB),,2018,289444
North America (WB),,2019,289351
North America (WB),,2020,274038
North Korea,PRK,2005,5861
North Korea,PRK,2006,6350
North Korea,PRK,2007,6846
North Korea,PRK,2009,7956
North Korea,PRK,2010,8018
North Korea,PRK,2011,7956
North Korea,PRK,2012,8354
North Korea,PRK,2017,8095
North Korea,PRK,2018,7846
North Korea,PRK,2019,7377
North Korea,PRK,2020,6937
North Macedonia,MKD,1993,78
North Macedonia,MKD,1994,58
North Macedonia,MKD,1995,100
North Macedonia,MKD,1996,52
North Macedonia,MKD,1997,66
North Macedonia,MKD,1998,84
North Macedonia,MKD,1999,64
North Macedonia,MKD,2000,71
North Macedonia,MKD,2001,66
North Macedonia,MKD,2002,42
North Macedonia,MKD,2003,48
North Macedonia,MKD,2004,44
North Macedonia,MKD,2005,53
North Macedonia,MKD,2006,55
North Macedonia,MKD,2007,105
North Macedonia,MKD,2008,34
North Macedonia,MKD,2009,39
North Macedonia,MKD,2010,27
North Macedonia,MKD,2011,37
North Macedonia,MKD,2012,50
North Macedonia,MKD,2013,42
North Macedonia,MKD,2020,47
Norway,NOR,1980,716
Norway,NOR,1981,714
Norway,NOR,1982,693
Norway,NOR,1983,825
Norway,NOR,1984,961
Norway,NOR,1985,923
Norway,NOR,1986,903
Norway,NOR,1987,884
Norway,NOR,1988,904
Norway,NOR,1989,1015
Norway,NOR,1990,899
Norway,NOR,1991,924
Norway,NOR,1992,941
Norway,NOR,1993,1031
Norway,NOR,1994,1074
Norway,NOR,1995,1128
Norway,NOR,1996,1291
Norway,NOR,1997,1256
Norway,NOR,1998,1213
Norway,NOR,1999,1335
Norway,NOR,2000,1311
Norway,NOR,2001,1189
Norway,NOR,2002,1178
Norway,NOR,2003,1079
Norway,NOR,2004,1142
Norway,NOR,2005,1143
Norway,NOR,2006,1119
Norway,NOR,2007,1225
Norway,NOR,2008,1150
Norway,NOR,2009,1246
Norway,NOR,2010,1117
Norway,NOR,2011,1122
Norway,NOR,2012,1009
Norway,NOR,2013,1101
Norway,NOR,2014,1106
Norway,NOR,2015,1153
Norway,NOR,2016,1227
Norway,NOR,2017,1152
Norway,NOR,2018,1082
Norway,NOR,2019,957
Norway,NOR,2020,880
Oman,OMN,2015,5
Oman,OMN,2016,3
Oman,OMN,2017,4
Oman,OMN,2018,16
Oman,OMN,2019,30
Pakistan,PAK,1980,37
Pakistan,PAK,1990,23
Pakistan,PAK,1991,22
Pakistan,PAK,1992,17
Pakistan,PAK,1993,19
Pakistan,PAK,1994,31
Pakistan,PAK,1995,21
Pakistan,PAK,1996,16
Pakistan,PAK,1997,27
Pakistan,PAK,1998,45
Pakistan,PAK,1999,44
Pakistan,PAK,2000,46
Pakistan,PAK,2001,58
Pakistan,PAK,2002,55
Pakistan,PAK,2003,57
Pakistan,PAK,2004,73
Pakistan,PAK,2005,143
Pakistan,PAK,2006,91
Pakistan,PAK,2007,109
Pakistan,PAK,2008,170
Pakistan,PAK,2010,114
Pakistan,PAK,2011,92
Pakistan,PAK,2012,96
Pakistan,PAK,2013,151
Pakistan,PAK,2014,146
Pakistan,PAK,2015,209
Pakistan,PAK,2016,204
Pakistan,PAK,2017,193
Pakistan,PAK,2018,306
Pakistan,PAK,2019,313
Pakistan,PAK,2020,338
Panama,PAN,1980,15
Panama,PAN,1981,8
Panama,PAN,1982,7
Panama,PAN,1983,16
Panama,PAN,1984,15
Panama,PAN,1985,14
Panama,PAN,1986,11
Panama,PAN,1987,3
Panama,PAN,1988,9
Panama,PAN,1989,6
Panama,PAN,1990,15
Panama,PAN,1991,19
Panama,PAN,1992,18
Panama,PAN,1993,20
Panama,PAN,1994,11
Panama,PAN,1995,16
Panama,PAN,1996,31
Panama,PAN,2000,7
Panama,PAN,2011,21
Panama,PAN,2013,9
Panama,PAN,2014,13
Panama,PAN,2015,14
Panama,PAN,2016,68
Panama,PAN,2017,33
Panama,PAN,2018,135
Panama,PAN,2019,34
Panama,PAN,2020,22
Papua New Guinea,PNG,2008,1
Papua New Guinea,PNG,2015,1
Paraguay,PRY,1983,5
Paraguay,PRY,1984,10
Paraguay,PRY,1985,7
Paraguay,PRY,1989,6
Paraguay,PRY,1990,16
Paraguay,PRY,1992,20
Paraguay,PRY,1993,30
Paraguay,PRY,2000,11
Paraguay,PRY,2001,12
Paraguay,PRY,2002,11
Paraguay,PRY,2003,12
Paraguay,PRY,2004,18
Paraguay,PRY,2005,24
Paraguay,PRY,2006,21
Paraguay,PRY,2007,37
Paraguay,PRY,2008,13
Paraguay,PRY,2009,15
Paraguay,PRY,2010,18
Paraguay,PRY,2018,34
Paraguay,PRY,2019,4
Paraguay,PRY,2020,14
Peru,PER,1980,82
Peru,PER,1981,50
Peru,PER,1982,56
Peru,PER,1983,77
Peru,PER,1985,41
Peru,PER,1986,48
Peru,PER,1987,43
Peru,PER,1988,53
Peru,PER,1990,49
Peru,PER,1991,31
Peru,PER,1992,21
Peru,PER,1993,34
Peru,PER,1994,29
Peru,PER,1996,52
Peru,PER,1997,48
Peru,PER,1999,48
Peru,PER,2000,40
Peru,PER,2001,36
Peru,PER,2002,29
Peru,PER,2003,32
Peru,PER,2004,38
Peru,PER,2005,27
Peru,PER,2006,39
Peru,PER,2007,28
Peru,PER,2008,31
Peru,PER,2009,37
Peru,PER,2010,39
Peru,PER,2011,39
Peru,PER,2012,54
Peru,PER,2013,73
Peru,PER,2014,83
Peru,PER,2015,67
Peru,PER,2016,72
Peru,PER,2017,100
Peru,PER,2018,89
Peru,PER,2019,137
Peru,PER,2020,125
Philippines,PHL,1980,119
Philippines,PHL,1981,91
Philippines,PHL,1982,134
Philippines,PHL,1983,63
Philippines,PHL,1984,102
Philippines,PHL,1985,91
Philippines,PHL,1986,75
Philippines,PHL,1987,76
Philippines,PHL,1988,86
Philippines,PHL,1989,71
Philippines,PHL,1990,147
Philippines,PHL,1991,147
Philippines,PHL,1992,133
Philippines,PHL,1993,178
Philippines,PHL,1994,181
Philippines,PHL,1995,169
Philippines,PHL,1996,163
Philippines,PHL,1997,125
Philippines,PHL,1998,163
Philippines,PHL,1999,144
Philippines,PHL,2000,154
Philippines,PHL,2001,135
Philippines,PHL,2002,149
Philippines,PHL,2003,141
Philippines,PHL,2004,158
Philippines,PHL,2005,210
Philippines,PHL,2006,223
Philippines,PHL,2007,225
Philippines,PHL,2008,216
Philippines,PHL,2009,172
Philippines,PHL,2010,170
Philippines,PHL,2011,186
Philippines,PHL,2012,162
Philippines,PHL,2013,220
Philippines,PHL,2014,334
Philippines,PHL,2015,375
Philippines,PHL,2016,327
Philippines,PHL,2017,323
Philippines,PHL,2018,529
Philippines,PHL,2019,501
Philippines,PHL,2020,476
Poland,POL,1980,6198
Poland,POL,1981,4370
Poland,POL,1982,4482
Poland,POL,1983,4741
Poland,POL,1984,5090
Poland,POL,1985,5124
Poland,POL,1986,5486
Poland,POL,1987,5682
Poland,POL,1988,6280
Poland,POL,1989,5294
Poland,POL,1990,4106
Poland,POL,1991,3389
Poland,POL,1992,2891
Poland,POL,1993,2659
Poland,POL,1994,2676
Poland,POL,1995,2595
Poland,POL,1996,2411
Poland,POL,1997,2399
Poland,POL,1998,2407
Poland,POL,1999,2285
Poland,POL,2000,2404
Poland,POL,2001,2202
Poland,POL,2002,2313
Poland,POL,2003,2268
Poland,POL,2004,2381
Poland,POL,2005,2028
Poland,POL,2006,2157
Poland,POL,2007,2392
Poland,POL,2008,2488
Poland,POL,2009,2899
Poland,POL,2010,3203
Poland,POL,2011,3879
Poland,POL,2012,4410
Poland,POL,2013,4237
Poland,POL,2014,3941
Poland,POL,2015,4676
Poland,POL,2016,4261
Poland,POL,2017,3924
Poland,POL,2018,4207
Poland,POL,2019,3887
Poland,POL,2020,4010
Portugal,PRT,1980,92
Portugal,PRT,1981,90
Portugal,PRT,1982,92
Portugal,PRT,1983,91
Portugal,PRT,1984,96
Portugal,PRT,1985,85
Portugal,PRT,1986,77
Portugal,PRT,1987,61
Portugal,PRT,1988,54
Portugal,PRT,1989,86
Portugal,PRT,1990,101
Portugal,PRT,1991,102
Portugal,PRT,1992,69
Portugal,PRT,1993,88
Portugal,PRT,1994,103
Portugal,PRT,1995,81
Portugal,PRT,1996,86
Portugal,PRT,1997,71
Portugal,PRT,1998,96
Portugal,PRT,1999,81
Portugal,PRT,2000,81
Portugal,PRT,2001,107
Portugal,PRT,2002,130
Portugal,PRT,2003,125
Portugal,PRT,2004,123
Portugal,PRT,2005,158
Portugal,PRT,2006,184
Portugal,PRT,2007,250
Portugal,PRT,2008,381
Portugal,PRT,2009,571
Portugal,PRT,2010,499
Portugal,PRT,2011,571
Portugal,PRT,2012,621
Portugal,PRT,2013,647
Portugal,PRT,2014,722
Portugal,PRT,2015,925
Portugal,PRT,2016,724
Portugal,PRT,2017,644
Portugal,PRT,2018,661
Portugal,PRT,2019,703
Portugal,PRT,2020,695
Qatar,QAT,2012,3
Qatar,QAT,2013,9
Qatar,QAT,2014,5
Qatar,QAT,2016,16
Qatar,QAT,2017,19
Qatar,QAT,2019,39
Qatar,QAT,2020,81
Romania,ROU,1980,2569
Romania,ROU,1981,2481
Romania,ROU,1982,2724
Romania,ROU,1983,3108
Romania,ROU,1984,3446
Romania,ROU,1985,4201
Romania,ROU,1986,4394
Romania,ROU,1987,4821
Romania,ROU,1988,5615
Romania,ROU,1989,5868
Romania,ROU,1990,2752
Romania,ROU,1991,2015
Romania,ROU,1992,1457
Romania,ROU,1993,1414
Romania,ROU,1994,1633
Romania,ROU,1995,1811
Romania,ROU,1996,1831
Romania,ROU,1997,1708
Romania,ROU,1998,1299
Romania,ROU,1999,1061
Romania,ROU,2000,1003
Romania,ROU,2001,1128
Romania,ROU,2002,1478
Romania,ROU,2003,881
Romania,ROU,2004,937
Romania,ROU,2005,916
Romania,ROU,2006,814
Romania,ROU,2007,827
Romania,ROU,2008,995
Romania,ROU,2009,1054
Romania,ROU,2010,1382
Romania,ROU,2011,1424
Romania,ROU,2012,1022
Romania,ROU,2013,993
Romania,ROU,2014,952
Romania,ROU,2015,975
Romania,ROU,2016,1005
Romania,ROU,2017,1098
Romania,ROU,2018,1100
Romania,ROU,2019,881
Romania,ROU,2020,817
Russia,RUS,1992,39494
Russia,RUS,1993,28503
Russia,RUS,1994,21250
Russia,RUS,1995,17551
Russia,RUS,1996,18014
Russia,RUS,1997,15106
Russia,RUS,1998,16454
Russia,RUS,1999,19900
Russia,RUS,2000,23377
Russia,RUS,2001,24777
Russia,RUS,2002,23712
Russia,RUS,2003,24969
Russia,RUS,2004,22985
Russia,RUS,2005,23644
Russia,RUS,2006,27884
Russia,RUS,2007,27505
Russia,RUS,2008,27712
Russia,RUS,2009,25598
Russia,RUS,2010,28722
Russia,RUS,2011,26495
Russia,RUS,2012,28701
Russia,RUS,2013,28765
Russia,RUS,2014,24072
Russia,RUS,2015,29269
Russia,RUS,2016,26795
Russia,RUS,2017,22777
Russia,RUS,2018,24926
Russia,RUS,2019,23337
Russia,RUS,2020,23759
Rwanda,RWA,1988,1
Rwanda,RWA,2012,40
Rwanda,RWA,2014,5
Rwanda,RWA,2015,5
Rwanda,RWA,2016,3
Rwanda,RWA,2017,4
Rwanda,RWA,2018,6
Saint Lucia,LCA,2016,5
Saint Lucia,LCA,2017,3
Saint Lucia,LCA,2018,2
Samoa,WSM,1981,2
Samoa,WSM,2014,1
Samoa,WSM,2015,1
Samoa,WSM,2018,1
Samoa,WSM,2019,2
San Marino,SMR,2013,11
San Marino,SMR,2014,4
San Marino,SMR,2015,7
San Marino,SMR,2016,12
San Marino,SMR,2017,14
San Marino,SMR,2018,14
San Marino,SMR,2019,11
San Marino,SMR,2020,9
Saudi Arabia,SAU,1989,12
Saudi Arabia,SAU,1990,16
Saudi Arabia,SAU,1991,27
Saudi Arabia,SAU,1992,21
Saudi Arabia,SAU,1993,21
Saudi Arabia,SAU,1994,33
Saudi Arabia,SAU,1995,28
Saudi Arabia,SAU,1996,27
Saudi Arabia,SAU,1997,57
Saudi Arabia,SAU,1998,45
Saudi Arabia,SAU,1999,72
Saudi Arabia,SAU,2000,76
Saudi Arabia,SAU,2001,46
Saudi Arabia,SAU,2002,61
Saudi Arabia,SAU,2003,56
Saudi Arabia,SAU,2004,81
Saudi Arabia,SAU,2005,119
Saudi Arabia,SAU,2006,119
Saudi Arabia,SAU,2007,128
Saudi Arabia,SAU,2010,288
Saudi Arabia,SAU,2011,347
Saudi Arabia,SAU,2013,491
Saudi Arabia,SAU,2014,652
Saudi Arabia,SAU,2015,715
Saudi Arabia,SAU,2016,1070
Saudi Arabia,SAU,2017,909
Saudi Arabia,SAU,2018,1078
Saudi Arabia,SAU,2019,1188
Saudi Arabia,SAU,2020,1294
Serbia,SRB,2004,473
Serbia,SRB,2005,372
Serbia,SRB,2006,432
Serbia,SRB,2007,395
Serbia,SRB,2008,386
Serbia,SRB,2009,319
Serbia,SRB,2010,290
Serbia,SRB,2011,180
Serbia,SRB,2012,192
Serbia,SRB,2013,201
Serbia,SRB,2014,202
Serbia,SRB,2015,178
Serbia,SRB,2016,192
Serbia,SRB,2017,171
Serbia,SRB,2018,163
Serbia,SRB,2019,168
Serbia,SRB,2020,138
Seychelles,SYC,2020,3
Singapore,SGP,1980,2
Singapore,SGP,1981,4
Singapore,SGP,1983,5
Singapore,SGP,1984,4
Singapore,SGP,1985,4
Singapore,SGP,1995,145
Singapore,SGP,1996,224
Singapore,SGP,1997,288
Singapore,SGP,1998,311
Singapore,SGP,1999,374
Singapore,SGP,2000,516
Singapore,SGP,2001,524
Singapore,SGP,2002,624
Singapore,SGP,2003,626
Singapore,SGP,2004,641
Singapore,SGP,2005,569
Singapore,SGP,2006,626
Singapore,SGP,2007,696
Singapore,SGP,2008,793
Singapore,SGP,2009,750
Singapore,SGP,2010,895
Singapore,SGP,2011,1056
Singapore,SGP,2012,1081
Singapore,SGP,2013,1143
Singapore,SGP,2014,1303
Singapore,SGP,2015,1469
Singapore,SGP,2016,1601
Singapore,SGP,2017,1609
Singapore,SGP,2018,1575
Singapore,SGP,2019,1727
Singapore,SGP,2020,1778
Slovakia,SVK,1993,282
Slovakia,SVK,1994,248
Slovakia,SVK,1995,269
Slovakia,SVK,1996,195
Slovakia,SVK,1997,224
Slovakia,SVK,1998,213
Slovakia,SVK,1999,213
Slovakia,SVK,2000,236
Slovakia,SVK,2001,246
Slovakia,SVK,2002,259
Slovakia,SVK,2003,210
Slovakia,SVK,2004,215
Slovakia,SVK,2005,155
Slovakia,SVK,2006,193
Slovakia,SVK,2007,239
Slovakia,SVK,2008,167
Slovakia,SVK,2009,176
Slovakia,SVK,2010,234
Slovakia,SVK,2011,224
Slovakia,SVK,2012,168
Slovakia,SVK,2013,184
Slovakia,SVK,2014,211
Slovakia,SVK,2015,228
Slovakia,SVK,2016,220
Slovakia,SVK,2017,183
Slovakia,SVK,2018,217
Slovakia,SVK,2019,206
Slovakia,SVK,2020,206
Slovenia,SVN,1991,21
Slovenia,SVN,1992,188
Slovenia,SVN,1993,277
Slovenia,SVN,1994,286
Slovenia,SVN,1995,314
Slovenia,SVN,1996,288
Slovenia,SVN,1997,266
Slovenia,SVN,1998,288
Slovenia,SVN,1999,261
Slovenia,SVN,2000,307
Slovenia,SVN,2001,301
Slovenia,SVN,2002,300
Slovenia,SVN,2003,310
Slovenia,SVN,2004,342
Slovenia,SVN,2005,344
Slovenia,SVN,2006,287
Slovenia,SVN,2007,331
Slovenia,SVN,2008,301
Slovenia,SVN,2009,373
Slovenia,SVN,2010,442
Slovenia,SVN,2011,470
Slovenia,SVN,2018,255
Somalia,SOM,1984,1
South Africa,ZAF,1980,3092
South Africa,ZAF,1981,3340
South Africa,ZAF,1982,3017
South Africa,ZAF,1983,4240
South Africa,ZAF,1984,3874
South Africa,ZAF,1985,4051
South Africa,ZAF,1986,4730
South Africa,ZAF,1987,4922
South Africa,ZAF,1988,4829
South Africa,ZAF,1989,5134
South Africa,ZAF,1990,1093
South Africa,ZAF,1991,1023
South Africa,ZAF,1992,888
South Africa,ZAF,1993,904
South Africa,ZAF,1994,935
South Africa,ZAF,1995,883
South Africa,ZAF,1996,757
South Africa,ZAF,1997,355
South Africa,ZAF,1998,200
South Africa,ZAF,1999,138
South Africa,ZAF,2000,895
South Africa,ZAF,2001,966
South Africa,ZAF,2002,983
South Africa,ZAF,2003,922
South Africa,ZAF,2004,956
South Africa,ZAF,2005,1003
South Africa,ZAF,2006,866
South Africa,ZAF,2007,915
South Africa,ZAF,2008,860
South Africa,ZAF,2009,822
South Africa,ZAF,2010,821
South Africa,ZAF,2011,656
South Africa,ZAF,2012,608
South Africa,ZAF,2013,638
South Africa,ZAF,2014,802
South Africa,ZAF,2015,889
South Africa,ZAF,2016,704
South Africa,ZAF,2017,728
South Africa,ZAF,2018,657
South Africa,ZAF,2019,567
South Africa,ZAF,2020,542
South Asia (WB),,1980,1291
South Asia (WB),,1981,1112
South Asia (WB),,1982,1180
South Asia (WB),,1983,56
South Asia (WB),,1984,1081
South Asia (WB),,1985,1050
South Asia (WB),,1986,1041
South Asia (WB),,1987,1052
South Asia (WB),,1988,1083
South Asia (WB),,1989,1108
South Asia (WB),,1990,1225
South Asia (WB),,1991,1358
South Asia (WB),,1992,1374
South Asia (WB),,1993,1319
South Asia (WB),,1994,1698
South Asia (WB),,1995,1715
South Asia (WB),,1996,1749
South Asia (WB),,1997,2080
South Asia (WB),,1998,2378
South Asia (WB),,1999,2418
South Asia (WB),,2000,2393
South Asia (WB),,2001,2616
South Asia (WB),,2002,2914
South Asia (WB),,2003,3635
South Asia (WB),,2004,4255
South Asia (WB),,2005,5063
South Asia (WB),,2006,5952
South Asia (WB),,2007,6585
South Asia (WB),,2008,6856
South Asia (WB),,2009,7519
South Asia (WB),,2010,9258
South Asia (WB),,2011,9172
South Asia (WB),,2012,9723
South Asia (WB),,2013,11229
South Asia (WB),,2014,12240
South Asia (WB),,2015,13059
South Asia (WB),,2016,13775
South Asia (WB),,2017,15512
South Asia (WB),,2018,17008
South Asia (WB),,2019,20192
South Asia (WB),,2020,23872
South Korea,KOR,1980,1241
South Korea,KOR,1981,1319
South Korea,KOR,1982,1556
South Korea,KOR,1983,1599
South Korea,KOR,1984,1997
South Korea,KOR,1985,2702
South Korea,KOR,1986,3640
South Korea,KOR,1987,4871
South Korea,KOR,1988,5696
South Korea,KOR,1989,7020
South Korea,KOR,1990,9082
South Korea,KOR,1991,13253
South Korea,KOR,1992,15951
South Korea,KOR,1993,21449
South Korea,KOR,1994,28554
South Korea,KOR,1995,59228
South Korea,KOR,1996,68405
South Korea,KOR,1997,67359
South Korea,KOR,1998,50596
South Korea,KOR,1999,55970
South Korea,KOR,2000,72831
South Korea,KOR,2001,73714
South Korea,KOR,2002,76570
South Korea,KOR,2003,90313
South Korea,KOR,2004,105250
South Korea,KOR,2005,122188
South Korea,KOR,2006,125476
South Korea,KOR,2007,128701
South Korea,KOR,2008,127114
South Korea,KOR,2009,127316
South Korea,KOR,2010,131805
South Korea,KOR,2011,138034
South Korea,KOR,2012,148136
South Korea,KOR,2013,159978
South Korea,KOR,2014,164073
South Korea,KOR,2015,167275
South Korea,KOR,2016,163424
South Korea,KOR,2017,159084
South Korea,KOR,2018,162561
South Korea,KOR,2019,171603
South Korea,KOR,2020,180477
Spain,ESP,1980,1876
Spain,ESP,1981,1718
Spain,ESP,1982,1646
Spain,ESP,1983,1498
Spain,ESP,1984,1784
Spain,ESP,1985,2149
Spain,ESP,1986,1649
Spain,ESP,1987,1720
Spain,ESP,1988,1816
Spain,ESP,1989,2087
Spain,ESP,1990,2218
Spain,ESP,1991,2156
Spain,ESP,1992,2076
Spain,ESP,1993,2165
Spain,ESP,1994,2136
Spain,ESP,1995,2047
Spain,ESP,1996,2274
Spain,ESP,1997,2237
Spain,ESP,1998,2271
Spain,ESP,1999,2439
Spain,ESP,2000,2710
Spain,ESP,2001,2528
Spain,ESP,2002,2763
Spain,ESP,2003,2813
Spain,ESP,2004,2871
Spain,ESP,2005,3040
Spain,ESP,2006,3111
Spain,ESP,2007,3267
Spain,ESP,2008,3632
Spain,ESP,2009,3596
Spain,ESP,2010,3566
Spain,ESP,2011,3430
Spain,ESP,2012,3266
Spain,ESP,2013,3026
Spain,ESP,2014,2953
Spain,ESP,2015,2799
Spain,ESP,2016,2745
Spain,ESP,2017,2167
Spain,ESP,2018,1525
Spain,ESP,2019,1288
Spain,ESP,2020,1431
Sri Lanka,LKA,1980,11
Sri Lanka,LKA,1981,6
Sri Lanka,LKA,1982,12
Sri Lanka,LKA,1983,16
Sri Lanka,LKA,1984,16
Sri Lanka,LKA,1985,28
Sri Lanka,LKA,1986,26
Sri Lanka,LKA,1987,41
Sri Lanka,LKA,1988,26
Sri Lanka,LKA,1989,28
Sri Lanka,LKA,1990,23
Sri Lanka,LKA,1991,33
Sri Lanka,LKA,1992,36
Sri Lanka,LKA,1993,49
Sri Lanka,LKA,1994,36
Sri Lanka,LKA,1995,76
Sri Lanka,LKA,1996,50
Sri Lanka,LKA,1997,81
Sri Lanka,LKA,1998,54
Sri Lanka,LKA,1999,119
Sri Lanka,LKA,2000,71
Sri Lanka,LKA,2001,120
Sri Lanka,LKA,2002,123
Sri Lanka,LKA,2003,95
Sri Lanka,LKA,2004,120
Sri Lanka,LKA,2005,149
Sri Lanka,LKA,2006,153
Sri Lanka,LKA,2007,151
Sri Lanka,LKA,2008,201
Sri Lanka,LKA,2009,202
Sri Lanka,LKA,2010,225
Sri Lanka,LKA,2011,194
Sri Lanka,LKA,2013,328
Sri Lanka,LKA,2015,218
Sri Lanka,LKA,2016,280
Sri Lanka,LKA,2017,277
Sri Lanka,LKA,2018,343
Sri Lanka,LKA,2019,356
Sri Lanka,LKA,2020,353
Sub-Saharan Africa (WB),,1980,3141
Sub-Saharan Africa (WB),,1981,3393
Sub-Saharan Africa (WB),,1982,3071
Sub-Saharan Africa (WB),,1983,4307
Sub-Saharan Africa (WB),,1984,3930
Sub-Saharan Africa (WB),,1985,4122
Sub-Saharan Africa (WB),,1986,4782
Sub-Saharan Africa (WB),,1987,4993
Sub-Saharan Africa (WB),,1988,4937
Sub-Saharan Africa (WB),,1989,5178
Sub-Saharan Africa (WB),,1990,1175
Sub-Saharan Africa (WB),,1991,1136
Sub-Saharan Africa (WB),,1992,966
Sub-Saharan Africa (WB),,1993,1032
Sub-Saharan Africa (WB),,1994,992
Sub-Saharan Africa (WB),,1995,1005
Sub-Saharan Africa (WB),,1996,908
Sub-Saharan Africa (WB),,1997,428
Sub-Saharan Africa (WB),,1998,277
Sub-Saharan Africa (WB),,1999,221
Sub-Saharan Africa (WB),,2000,948
Sub-Saharan Africa (WB),,2001,996
Sub-Saharan Africa (WB),,2002,1060
Sub-Saharan Africa (WB),,2003,1036
Sub-Saharan Africa (WB),,2004,1092
Sub-Saharan Africa (WB),,2005,1124
Sub-Saharan Africa (WB),,2006,935
Sub-Saharan Africa (WB),,2007,1023
Sub-Saharan Africa (WB),,2008,1318
Sub-Saharan Africa (WB),,2009,1219
Sub-Saharan Africa (WB),,2010,1181
Sub-Saharan Africa (WB),,2011,1200
Sub-Saharan Africa (WB),,2012,979
Sub-Saharan Africa (WB),,2013,1229
Sub-Saharan Africa (WB),,2014,1125
Sub-Saharan Africa (WB),,2015,1515
Sub-Saharan Africa (WB),,2016,1485
Sub-Saharan Africa (WB),,2017,1488
Sub-Saharan Africa (WB),,2018,1970
Sub-Saharan Africa (WB),,2019,1745
Sub-Saharan Africa (WB),,2020,1834
Sudan,SDN,1983,7
Sudan,SDN,1999,2
Sudan,SDN,2000,6
Sudan,SDN,2001,1
Sudan,SDN,2002,2
Sudan,SDN,2003,6
Sudan,SDN,2004,4
Sudan,SDN,2005,6
Sudan,SDN,2006,3
Sudan,SDN,2007,3
Sudan,SDN,2008,340
Sudan,SDN,2009,332
Sudan,SDN,2010,252
Sudan,SDN,2011,249
Sudan,SDN,2013,269
Sudan,SDN,2015,267
Sudan,SDN,2016,284
Sudan,SDN,2017,281
Sudan,SDN,2018,349
Sudan,SDN,2019,238
Sudan,SDN,2020,153
Sweden,SWE,1980,4106
Sweden,SWE,1981,3914
Sweden,SWE,1982,4087
Sweden,SWE,1983,4283
Sweden,SWE,1984,3969
Sweden,SWE,1985,3840
Sweden,SWE,1986,3685
Sweden,SWE,1987,3521
Sweden,SWE,1988,3260
Sweden,SWE,1989,3147
Sweden,SWE,1990,3108
Sweden,SWE,1991,3154
Sweden,SWE,1992,3291
Sweden,SWE,1993,3760
Sweden,SWE,1994,3953
Sweden,SWE,1995,3941
Sweden,SWE,1996,4111
Sweden,SWE,1997,4130
Sweden,SWE,1998,3972
Sweden,SWE,1999,4142
Sweden,SWE,2000,4224
Sweden,SWE,2001,3926
Sweden,SWE,2002,3358
Sweden,SWE,2003,3025
Sweden,SWE,2004,2768
Sweden,SWE,2005,2522
Sweden,SWE,2006,2446
Sweden,SWE,2007,2527
Sweden,SWE,2008,2549
Sweden,SWE,2009,2186
Sweden,SWE,2010,2196
Sweden,SWE,2011,2004
Sweden,SWE,2012,2288
Sweden,SWE,2013,2332
Sweden,SWE,2014,1984
Sweden,SWE,2015,2038
Sweden,SWE,2016,2032
Sweden,SWE,2017,1992
Sweden,SWE,2018,1838
Sweden,SWE,2019,1802
Sweden,SWE,2020,1764
Switzerland,CHE,1980,4049
Switzerland,CHE,1981,3712
Switzerland,CHE,1982,3845
Switzerland,CHE,1983,3817
Switzerland,CHE,1984,3393
Switzerland,CHE,1985,3191
Switzerland,CHE,1986,3199
Switzerland,CHE,1987,3298
Switzerland,CHE,1988,3236
Switzerland,CHE,1989,3247
Switzerland,CHE,1990,2987
Switzerland,CHE,1991,2949
Switzerland,CHE,1992,3068
Switzerland,CHE,1993,2999
Switzerland,CHE,1994,3033
Switzerland,CHE,1995,2890
Switzerland,CHE,1996,2504
Switzerland,CHE,1997,2408
Switzerland,CHE,1998,2025
Switzerland,CHE,1999,1916
Switzerland,CHE,2000,2083
Switzerland,CHE,2001,1859
Switzerland,CHE,2002,1827
Switzerland,CHE,2003,1831
Switzerland,CHE,2004,1742
Switzerland,CHE,2005,1643
Switzerland,CHE,2006,1740
Switzerland,CHE,2007,1692
Switzerland,CHE,2008,1594
Switzerland,CHE,2009,1684
Switzerland,CHE,2010,1622
Switzerland,CHE,2011,1597
Switzerland,CHE,2012,1480
Switzerland,CHE,2013,1525
Switzerland,CHE,2014,1480
Switzerland,CHE,2015,1477
Switzerland,CHE,2016,1462
Switzerland,CHE,2017,1337
Switzerland,CHE,2018,1283
Switzerland,CHE,2019,1369
Switzerland,CHE,2020,1384
Syria,SYR,1980,6
Syria,SYR,1981,7
Syria,SYR,1982,4
Syria,SYR,1992,53
Syria,SYR,1993,82
Syria,SYR,1994,67
Syria,SYR,1995,129
Syria,SYR,1996,106
Syria,SYR,1997,116
Syria,SYR,1998,54
Syria,SYR,1999,87
Syria,SYR,2000,247
Syria,SYR,2001,189
Syria,SYR,2002,183
Syria,SYR,2003,213
Syria,SYR,2004,205
Syria,SYR,2005,105
Syria,SYR,2006,124
Syria,SYR,2015,198
Syria,SYR,2017,120
Syria,SYR,2018,103
Syria,SYR,2019,121
Syria,SYR,2020,76
Tajikistan,TJK,1993,5
Tajikistan,TJK,1994,24
Tajikistan,TJK,1995,35
Tajikistan,TJK,1996,30
Tajikistan,TJK,1997,23
Tajikistan,TJK,1998,37
Tajikistan,TJK,1999,38
Tajikistan,TJK,2000,45
Tajikistan,TJK,2001,83
Tajikistan,TJK,2002,39
Tajikistan,TJK,2003,30
Tajikistan,TJK,2004,32
Tajikistan,TJK,2005,30
Tajikistan,TJK,2006,26
Tajikistan,TJK,2009,11
Tajikistan,TJK,2010,7
Tajikistan,TJK,2011,4
Tajikistan,TJK,2012,3
Tajikistan,TJK,2013,2
Tajikistan,TJK,2019,1
Tanzania,TZA,1983,1
Tanzania,TZA,2015,1
Thailand,THA,1980,13
Thailand,THA,1981,26
Thailand,THA,1982,40
Thailand,THA,1983,48
Thailand,THA,1984,49
Thailand,THA,1985,55
Thailand,THA,1986,60
Thailand,THA,1987,68
Thailand,THA,1988,78
Thailand,THA,1989,43
Thailand,THA,1990,73
Thailand,THA,1991,80
Thailand,THA,1992,67
Thailand,THA,1993,110
Thailand,THA,1994,150
Thailand,THA,1995,145
Thailand,THA,1996,203
Thailand,THA,1997,246
Thailand,THA,1998,479
Thailand,THA,1999,738
Thailand,THA,2000,561
Thailand,THA,2001,534
Thailand,THA,2002,615
Thailand,THA,2003,802
Thailand,THA,2004,819
Thailand,THA,2005,891
Thailand,THA,2006,1040
Thailand,THA,2007,945
Thailand,THA,2008,902
Thailand,THA,2009,1025
Thailand,THA,2010,1214
Thailand,THA,2011,927
Thailand,THA,2012,1020
Thailand,THA,2013,1572
Thailand,THA,2014,1006
Thailand,THA,2015,1029
Thailand,THA,2016,1098
Thailand,THA,2017,979
Thailand,THA,2018,904
Thailand,THA,2019,865
Thailand,THA,2020,863
Trinidad and Tobago,TTO,1980,7
Trinidad and Tobago,TTO,1982,10
Trinidad and Tobago,TTO,1992,13
Trinidad and Tobago,TTO,1993,29
Trinidad and Tobago,TTO,1994,13
Trinidad and Tobago,TTO,1995,24
Trinidad and Tobago,TTO,1996,9
Trinidad and Tobago,TTO,1997,17
Trinidad and Tobago,TTO,2002,2
Trinidad and Tobago,TTO,2004,3
Trinidad and Tobago,TTO,2005,1
Trinidad and Tobago,TTO,2007,2
Trinidad and Tobago,TTO,2008,1
Trinidad and Tobago,TTO,2012,2
Trinidad and Tobago,TTO,2014,4
Trinidad and Tobago,TTO,2015,3
Trinidad and Tobago,TTO,2016,3
Trinidad and Tobago,TTO,2018,4
Trinidad and Tobago,TTO,2019,1
Trinidad and Tobago,TTO,2020,1
Tunisia,TUN,1980,27
Tunisia,TUN,1981,28
Tunisia,TUN,1983,19
Tunisia,TUN,1984,12
Tunisia,TUN,1985,14
Tunisia,TUN,1986,28
Tunisia,TUN,1987,26
Tunisia,TUN,1988,20
Tunisia,TUN,1989,26
Tunisia,TUN,1990,27
Tunisia,TUN,1991,26
Tunisia,TUN,1992,22
Tunisia,TUN,1993,42
Tunisia,TUN,1994,39
Tunisia,TUN,1995,31
Tunisia,TUN,1996,45
Tunisia,TUN,1997,41
Tunisia,TUN,1998,38
Tunisia,TUN,1999,67
Tunisia,TUN,2000,47
Tunisia,TUN,2001,22
Tunisia,TUN,2002,45
Tunisia,TUN,2003,35
Tunisia,TUN,2004,46
Tunisia,TUN,2005,56
Tunisia,TUN,2006,77
Tunisia,TUN,2007,76
Tunisia,TUN,2008,76
Tunisia,TUN,2009,105
Tunisia,TUN,2010,113
Tunisia,TUN,2011,137
Tunisia,TUN,2012,150
Tunisia,TUN,2013,112
Tunisia,TUN,2014,142
Tunisia,TUN,2015,180
Tunisia,TUN,2016,235
Tunisia,TUN,2017,172
Tunisia,TUN,2018,180
Turkey,TUR,1980,134
Turkey,TUR,1981,157
Turkey,TUR,1982,126
Turkey,TUR,1984,153
Turkey,TUR,1985,132
Turkey,TUR,1986,174
Turkey,TUR,1987,138
Turkey,TUR,1988,153
Turkey,TUR,1989,162
Turkey,TUR,1990,138
Turkey,TUR,1991,148
Turkey,TUR,1992,189
Turkey,TUR,1993,169
Turkey,TUR,1994,151
Turkey,TUR,1995,170
Turkey,TUR,1996,189
Turkey,TUR,1997,203
Turkey,TUR,1998,207
Turkey,TUR,1999,276
Turkey,TUR,2000,277
Turkey,TUR,2001,337
Turkey,TUR,2002,414
Turkey,TUR,2003,489
Turkey,TUR,2004,682
Turkey,TUR,2005,928
Turkey,TUR,2006,1072
Turkey,TUR,2007,1810
Turkey,TUR,2008,2221
Turkey,TUR,2009,2555
Turkey,TUR,2010,3180
Turkey,TUR,2011,3885
Turkey,TUR,2012,4434
Turkey,TUR,2013,4392
Turkey,TUR,2014,4766
Turkey,TUR,2015,5352
Turkey,TUR,2016,6230
Turkey,TUR,2017,8175
Turkey,TUR,2018,7156
Turkey,TUR,2019,7871
Turkey,TUR,2020,7920
Turkmenistan,TKM,1996,66
Turkmenistan,TKM,1997,52
Turkmenistan,TKM,1998,41
Turkmenistan,TKM,1999,44
Uganda,UGA,2003,5
Uganda,UGA,2004,12
Uganda,UGA,2005,3
Uganda,UGA,2006,11
Uganda,UGA,2007,6
Uganda,UGA,2013,10
Uganda,UGA,2014,5
Uganda,UGA,2015,9
Uganda,UGA,2016,16
Uganda,UGA,2017,25
Uganda,UGA,2018,6
Uganda,UGA,2019,14
Uganda,UGA,2020,13
Ukraine,UKR,1992,309
Ukraine,UKR,1993,8687
Ukraine,UKR,1994,5355
Ukraine,UKR,1995,4804
Ukraine,UKR,1996,3636
Ukraine,UKR,1997,4688
Ukraine,UKR,1998,5319
Ukraine,UKR,1999,5401
Ukraine,UKR,2000,5620
Ukraine,UKR,2001,7208
Ukraine,UKR,2002,1601
Ukraine,UKR,2003,1635
Ukraine,UKR,2004,4090
Ukraine,UKR,2005,3538
Ukraine,UKR,2006,3474
Ukraine,UKR,2007,3440
Ukraine,UKR,2008,2825
Ukraine,UKR,2009,2434
Ukraine,UKR,2010,2556
Ukraine,UKR,2011,2649
Ukraine,UKR,2012,2491
Ukraine,UKR,2013,2856
Ukraine,UKR,2014,2457
Ukraine,UKR,2015,2271
Ukraine,UKR,2016,2233
Ukraine,UKR,2017,2283
Ukraine,UKR,2018,2107
Ukraine,UKR,2019,2097
Ukraine,UKR,2020,1361
United Arab Emirates,ARE,2010,25
United Arab Emirates,ARE,2011,33
United Arab Emirates,ARE,2012,23
United Arab Emirates,ARE,2013,21
United Arab Emirates,ARE,2014,29
United Arab Emirates,ARE,2015,35
United Arab Emirates,ARE,2016,57
United Arab Emirates,ARE,2017,63
United Arab Emirates,ARE,2018,57
United Arab Emirates,ARE,2019,55
United Arab Emirates,ARE,2020,39
United Kingdom,GBR,1980,19612
United Kingdom,GBR,1981,20808
United Kingdom,GBR,1982,20530
United Kingdom,GBR,1983,19893
United Kingdom,GBR,1984,19093
United Kingdom,GBR,1985,19672
United Kingdom,GBR,1986,20040
United Kingdom,GBR,1987,19945
United Kingdom,GBR,1988,20536
United Kingdom,GBR,1989,19732
United Kingdom,GBR,1990,19310
United Kingdom,GBR,1991,19230
United Kingdom,GBR,1992,18848
United Kingdom,GBR,1993,18727
United Kingdom,GBR,1994,18384
United Kingdom,GBR,1995,18630
United Kingdom,GBR,1996,18184
United Kingdom,GBR,1997,17938
United Kingdom,GBR,1998,19530
United Kingdom,GBR,1999,21333
United Kingdom,GBR,2000,22050
United Kingdom,GBR,2001,21423
United Kingdom,GBR,2002,20624
United Kingdom,GBR,2003,20426
United Kingdom,GBR,2004,19178
United Kingdom,GBR,2005,17833
United Kingdom,GBR,2006,17484
United Kingdom,GBR,2007,17375
United Kingdom,GBR,2008,16523
United Kingdom,GBR,2009,15985
United Kingdom,GBR,2010,15490
United Kingdom,GBR,2011,15343
United Kingdom,GBR,2012,15370
United Kingdom,GBR,2013,14972
United Kingdom,GBR,2014,15196
United Kingdom,GBR,2015,14867
United Kingdom,GBR,2016,13876
United Kingdom,GBR,2017,13301
United Kingdom,GBR,2018,12865
United Kingdom,GBR,2019,12061
United Kingdom,GBR,2020,11990
United States,USA,1980,62098
United States,USA,1981,62404
United States,USA,1982,63316
United States,USA,1983,59391
United States,USA,1984,61841
United States,USA,1985,63673
United States,USA,1986,65195
United States,USA,1987,68315
United States,USA,1988,75192
United States,USA,1989,82370
United States,USA,1990,90643
United States,USA,1991,87955
United States,USA,1992,92425
United States,USA,1993,99955
United States,USA,1994,107233
United States,USA,1995,123962
United States,USA,1996,106892
United States,USA,1997,119214
United States,USA,1998,134733
United States,USA,1999,149251
United States,USA,2000,164795
United States,USA,2001,177513
United States,USA,2002,184245
United States,USA,2003,188941
United States,USA,2004,189536
United States,USA,2005,207867
United States,USA,2006,221784
United States,USA,2007,241347
United States,USA,2008,231588
United States,USA,2009,224912
United States,USA,2010,241977
United States,USA,2011,247750
United States,USA,2012,268782
United States,USA,2013,287831
United States,USA,2014,285096
United States,USA,2015,288335
United States,USA,2016,295327
United States,USA,2017,293904
United States,USA,2018,285095
United States,USA,2019,285113
United States,USA,2020,269586
Upper-middle-income countries,,1997,37000
Upper-middle-income countries,,1998,39600
Upper-middle-income countries,,1999,45700
Upper-middle-income countries,,2000,60000
Upper-middle-income countries,,2001,66900
Upper-middle-income countries,,2002,76000
Upper-middle-income countries,,2003,95600
Upper-middle-income countries,,2004,104800
Upper-middle-income countries,,2005,135300
Upper-middle-income countries,,2006,170400
Upper-middle-income countries,,2007,207000
Upper-middle-income countries,,2008,253900
Upper-middle-income countries,,2009,284200
Upper-middle-income countries,,2010,340900
Upper-middle-income countries,,2011,462100
Upper-middle-income countries,,2012,584600
Upper-middle-income countries,,2013,754800
Upper-middle-income countries,,2014,845100
Upper-middle-income countries,,2015,1018100
Upper-middle-income countries,,2016,1253900
Upper-middle-income countries,,2017,1292700
Upper-middle-income countries,,2018,1441100
Upper-middle-income countries,,2019,1289800
Upper-middle-income countries,,2020,1391200
Uruguay,URY,1980,70
Uruguay,URY,1981,71
Uruguay,URY,1982,49
Uruguay,URY,1983,40
Uruguay,URY,1984,43
Uruguay,URY,1985,63
Uruguay,URY,1986,39
Uruguay,URY,1987,34
Uruguay,URY,1988,28
Uruguay,URY,1989,23
Uruguay,URY,1991,34
Uruguay,URY,1992,39
Uruguay,URY,1993,29
Uruguay,URY,1994,18
Uruguay,URY,1995,35
Uruguay,URY,1996,25
Uruguay,URY,1997,32
Uruguay,URY,1998,27
Uruguay,URY,1999,27
Uruguay,URY,2000,44
Uruguay,URY,2001,52
Uruguay,URY,2002,30
Uruguay,URY,2003,45
Uruguay,URY,2004,37
Uruguay,URY,2005,24
Uruguay,URY,2006,31
Uruguay,URY,2007,35
Uruguay,URY,2008,33
Uruguay,URY,2009,30
Uruguay,URY,2010,23
Uruguay,URY,2011,20
Uruguay,URY,2012,22
Uruguay,URY,2014,37
Uruguay,URY,2015,26
Uruguay,URY,2017,23
Uzbekistan,UZB,1993,2136
Uzbekistan,UZB,1994,1061
Uzbekistan,UZB,1995,1039
Uzbekistan,UZB,1996,914
Uzbekistan,UZB,1997,815
Uzbekistan,UZB,1998,721
Uzbekistan,UZB,1999,767
Uzbekistan,UZB,2000,755
Uzbekistan,UZB,2001,803
Uzbekistan,UZB,2002,715
Uzbekistan,UZB,2003,931
Uzbekistan,UZB,2004,273
Uzbekistan,UZB,2005,264
Uzbekistan,UZB,2006,323
Uzbekistan,UZB,2007,324
Uzbekistan,UZB,2008,262
Uzbekistan,UZB,2009,238
Uzbekistan,UZB,2010,370
Uzbekistan,UZB,2011,282
Uzbekistan,UZB,2012,257
Uzbekistan,UZB,2013,299
Uzbekistan,UZB,2014,345
Uzbekistan,UZB,2015,288
Uzbekistan,UZB,2016,353
Uzbekistan,UZB,2017,357
Uzbekistan,UZB,2018,470
Uzbekistan,UZB,2019,374
Uzbekistan,UZB,2020,356
Venezuela,VEN,1980,236
Venezuela,VEN,1981,176
Venezuela,VEN,1982,174
Venezuela,VEN,1983,625
Venezuela,VEN,1984,875
Venezuela,VEN,1985,227
Venezuela,VEN,1986,282
Venezuela,VEN,1987,312
Venezuela,VEN,1989,183
Venezuela,VEN,1990,262
Venezuela,VEN,1991,233
Venezuela,VEN,1992,202
Venezuela,VEN,1993,186
Venezuela,VEN,1994,224
Venezuela,VEN,1996,182
Venezuela,VEN,1997,201
Venezuela,VEN,2000,56
Venezuela,VEN,2002,67
Venezuela,VEN,2003,85
Venezuela,VEN,2004,84
Venezuela,VEN,2005,121
Venezuela,VEN,2006,101
Venezuela,VEN,2007,63
Venezuela,VEN,2008,51
Venezuela,VEN,2009,60
Venezuela,VEN,2010,70
Venezuela,VEN,2011,61
Venezuela,VEN,2012,65
Venezuela,VEN,2013,74
Venezuela,VEN,2014,55
Venezuela,VEN,2015,47
Venezuela,VEN,2016,35
Venezuela,VEN,2017,96
Vietnam,VNM,1984,52
Vietnam,VNM,1986,7
Vietnam,VNM,1988,20
Vietnam,VNM,1989,46
Vietnam,VNM,1990,58
Vietnam,VNM,1991,37
Vietnam,VNM,1992,34
Vietnam,VNM,1993,32
Vietnam,VNM,1994,22
Vietnam,VNM,1995,23
Vietnam,VNM,1996,37
Vietnam,VNM,1997,30
Vietnam,VNM,1998,25
Vietnam,VNM,1999,35
Vietnam,VNM,2000,34
Vietnam,VNM,2001,52
Vietnam,VNM,2002,69
Vietnam,VNM,2003,78
Vietnam,VNM,2004,103
Vietnam,VNM,2005,180
Vietnam,VNM,2006,196
Vietnam,VNM,2007,219
Vietnam,VNM,2008,204
Vietnam,VNM,2009,258
Vietnam,VNM,2010,306
Vietnam,VNM,2011,300
Vietnam,VNM,2012,382
Vietnam,VNM,2013,443
Vietnam,VNM,2014,487
Vietnam,VNM,2015,582
Vietnam,VNM,2016,560
Vietnam,VNM,2017,592
Vietnam,VNM,2018,646
Vietnam,VNM,2019,720
Vietnam,VNM,2020,1021
World,OWID_WRL,1985,651100
World,OWID_WRL,1986,675000
World,OWID_WRL,1987,712400
World,OWID_WRL,1988,714900
World,OWID_WRL,1989,705400
World,OWID_WRL,1990,687700
World,OWID_WRL,1991,601000
World,OWID_WRL,1992,635700
World,OWID_WRL,1993,649200
World,OWID_WRL,1994,637000
World,OWID_WRL,1995,703000
World,OWID_WRL,1996,707700
World,OWID_WRL,1997,737100
World,OWID_WRL,1998,756400
World,OWID_WRL,1999,791400
World,OWID_WRL,2000,874800
World,OWID_WRL,2001,896400
World,OWID_WRL,2002,888900
World,OWID_WRL,2003,924800
World,OWID_WRL,2004,966600
World,OWID_WRL,2005,1038800
World,OWID_WRL,2006,1075200
World,OWID_WRL,2007,1125000
World,OWID_WRL,2008,1162200
World,OWID_WRL,2009,1146400
World,OWID_WRL,2010,1236900
World,OWID_WRL,2011,1365300
World,OWID_WRL,2012,1519700
World,OWID_WRL,2013,1700600
World,OWID_WRL,2014,1791100
World,OWID_WRL,2015,1964500
World,OWID_WRL,2016,2207100
World,OWID_WRL,2017,2243300
World,OWID_WRL,2018,2378500
World,OWID_WRL,2019,2231800
World,OWID_WRL,2020,2304400
Yemen,YEM,1998,7
Yemen,YEM,1999,9
Yemen,YEM,2000,7
Yemen,YEM,2001,6
Yemen,YEM,2002,9
Yemen,YEM,2003,16
Yemen,YEM,2004,10
Yemen,YEM,2005,20
Yemen,YEM,2006,14
Yemen,YEM,2007,11
Yemen,YEM,2010,20
Yemen,YEM,2011,7
Yemen,YEM,2012,36
Yemen,YEM,2013,43
Yemen,YEM,2014,29
Yemen,YEM,2015,5
Yemen,YEM,2016,16
Yemen,YEM,2017,15
Yemen,YEM,2019,60
Yemen,YEM,2020,60
Zambia,ZMB,1980,2
Zambia,ZMB,1981,1
Zambia,ZMB,1982,1
Zambia,ZMB,1983,1
Zambia,ZMB,1988,7
Zambia,ZMB,1989,3
Zambia,ZMB,1990,7
Zambia,ZMB,1991,1
Zambia,ZMB,1992,7
Zambia,ZMB,1993,4
Zambia,ZMB,1995,4
Zambia,ZMB,1996,6
Zambia,ZMB,1999,5
Zambia,ZMB,2001,6
Zambia,ZMB,2002,3
Zambia,ZMB,2003,3
Zambia,ZMB,2004,1
Zambia,ZMB,2005,5
Zambia,ZMB,2006,4
Zambia,ZMB,2007,19
Zambia,ZMB,2008,26
Zambia,ZMB,2009,9
Zambia,ZMB,2010,5
Zambia,ZMB,2011,3
Zambia,ZMB,2012,7
Zambia,ZMB,2013,13
Zambia,ZMB,2014,14
Zambia,ZMB,2015,20
Zambia,ZMB,2016,15
Zambia,ZMB,2017,12
Zambia,ZMB,2018,11
Zambia,ZMB,2019,2
Zambia,ZMB,2020,16
Zimbabwe,ZWE,1980,39
Zimbabwe,ZWE,1981,35
Zimbabwe,ZWE,1982,41
Zimbabwe,ZWE,1983,40
Zimbabwe,ZWE,1984,34
Zimbabwe,ZWE,1985,38
Zimbabwe,ZWE,1986,47
Zimbabwe,ZWE,1987,41
Zimbabwe,ZWE,1988,38
Zimbabwe,ZWE,1989,39
Zimbabwe,ZWE,1990,44
Zimbabwe,ZWE,1991,60
Zimbabwe,ZWE,1992,42
Zimbabwe,ZWE,1993,44
Zimbabwe,ZWE,1995,55
Zimbabwe,ZWE,1996,28
Zimbabwe,ZWE,2015,9
Zimbabwe,ZWE,2016,8